file_path,access_count,recency_seconds,age_seconds,label
/tier_data/hot_file.txt,10,66887.11,66903.76,HOT
/tier_data/warm_file.txt,3,66882.98,66902.04,WARM
/tier_data/cold_file.txt,0,66900.78,66900.78,COLD
/tier_data/hot_file_1.txt,65,2392.26,5152.26,HOT
/tier_data/hot_file_2.txt,61,2092.26,12472.26,HOT
/tier_data/hot_file_3.txt,57,3052.26,11932.26,HOT
/tier_data/hot_file_4.txt,62,3412.26,10732.26,HOT
/tier_data/hot_file_5.txt,56,2212.26,7972.26,HOT
/tier_data/hot_file_6.txt,54,3352.26,17152.26,HOT
/tier_data/hot_file_7.txt,40,772.26,8812.26,HOT
/tier_data/hot_file_8.txt,56,1372.26,5332.26,HOT
/tier_data/hot_file_9.txt,57,2152.26,10672.26,HOT
/tier_data/hot_file_10.txt,50,3232.26,7432.26,HOT
/tier_data/hot_file_11.txt,59,3652.26,7492.26,HOT
/tier_data/hot_file_12.txt,67,1252.26,15952.26,HOT
/tier_data/hot_file_13.txt,49,1132.26,4732.26,HOT
/tier_data/hot_file_14.txt,60,2152.26,7192.26,HOT
/tier_data/hot_file_15.txt,51,1012.26,4852.26,HOT
/tier_data/hot_file_16.txt,52,1492.26,8512.26,HOT
/tier_data/hot_file_17.txt,49,1132.26,8152.26,HOT
/tier_data/hot_file_18.txt,62,1792.26,18172.26,HOT
/tier_data/hot_file_19.txt,60,3352.26,4912.26,HOT
/tier_data/hot_file_20.txt,44,1012.26,9892.26,HOT
/tier_data/hot_file_21.txt,53,1432.26,5752.26,HOT
/tier_data/hot_file_22.txt,54,3052.26,5992.26,HOT
/tier_data/hot_file_23.txt,63,2032.26,11212.26,HOT
/tier_data/hot_file_24.txt,58,1852.26,10192.26,HOT
/tier_data/hot_file_25.txt,57,952.26,16972.26,HOT
/tier_data/hot_file_26.txt,64,2452.26,7432.26,HOT
/tier_data/hot_file_27.txt,55,1252.26,5032.26,HOT
/tier_data/hot_file_28.txt,60,2692.26,9532.26,HOT
/tier_data/hot_file_29.txt,72,1972.26,18712.26,HOT
/tier_data/hot_file_30.txt,66,1312.26,7432.26,HOT
/tier_data/hot_file_31.txt,50,3172.26,10672.26,HOT
/tier_data/hot_file_32.txt,53,3532.26,10132.26,HOT
/tier_data/hot_file_33.txt,58,832.26,7552.26,HOT
/tier_data/hot_file_34.txt,42,2272.26,17512.26,HOT
/tier_data/cold_file_1000.txt,0,60857.42,11332.26,COLD
/tier_data/cold_file_601.txt,0,60857.18,4492.26,COLD
/tier_data/cold_file_602.txt,0,60857.15,11752.26,COLD
/tier_data/cold_file_603.txt,0,60857.12,12412.26,COLD
/tier_data/cold_file_604.txt,0,60856.68,6712.26,COLD
/tier_data/cold_file_605.txt,0,60856.65,5992.26,COLD
/tier_data/cold_file_606.txt,0,60856.62,8932.26,COLD
/tier_data/cold_file_607.txt,0,60856.18,12472.26,COLD
/tier_data/cold_file_608.txt,0,60856.15,6292.26,COLD
/tier_data/cold_file_609.txt,0,60856.12,12232.26,COLD
/tier_data/cold_file_610.txt,0,60856.09,15592.26,COLD
/tier_data/cold_file_611.txt,0,60855.65,16612.26,COLD
/tier_data/cold_file_612.txt,0,60855.62,8032.26,COLD
/tier_data/cold_file_613.txt,0,60855.6,12892.26,COLD
/tier_data/cold_file_614.txt,0,60855.57,14152.26,COLD
/tier_data/cold_file_615.txt,0,60855.13,9472.26,COLD
/tier_data/cold_file_616.txt,0,60854.69,11812.26,COLD
/tier_data/cold_file_617.txt,0,60854.66,8632.26,COLD
/tier_data/cold_file_618.txt,0,60854.63,6472.26,COLD
/tier_data/cold_file_619.txt,0,60854.19,7852.26,COLD
/tier_data/cold_file_620.txt,0,60854.16,5632.26,COLD
/tier_data/cold_file_621.txt,0,60854.12,8452.26,COLD
/tier_data/cold_file_622.txt,0,60854.09,18712.26,COLD
/tier_data/cold_file_623.txt,0,60854.05,11332.26,COLD
/tier_data/cold_file_624.txt,0,60854.02,8632.26,COLD
/tier_data/cold_file_625.txt,0,60853.99,15352.26,COLD
/tier_data/cold_file_626.txt,0,60853.96,14872.26,COLD
/tier_data/cold_file_627.txt,0,60853.94,12832.26,COLD
/tier_data/cold_file_628.txt,0,60853.91,6352.26,COLD
/tier_data/cold_file_629.txt,0,60853.88,16492.26,COLD
/tier_data/cold_file_630.txt,0,60853.44,13012.26,COLD
/tier_data/cold_file_631.txt,0,60853.41,16012.26,COLD
/tier_data/cold_file_632.txt,0,60852.97,5932.26,COLD
/tier_data/cold_file_633.txt,0,60852.93,12652.26,COLD
/tier_data/cold_file_634.txt,0,60852.5,5992.26,COLD
/tier_data/cold_file_635.txt,0,60852.47,11212.26,COLD
/tier_data/cold_file_636.txt,0,60852.44,7252.26,COLD
/tier_data/cold_file_637.txt,0,60852.41,10132.26,COLD
/tier_data/cold_file_638.txt,0,60852.39,7672.26,COLD
/tier_data/cold_file_639.txt,0,60852.36,16012.26,COLD
/tier_data/cold_file_640.txt,0,60852.33,9532.26,COLD
/tier_data/cold_file_641.txt,0,60852.3,6712.26,COLD
/tier_data/cold_file_642.txt,0,60852.27,15952.26,COLD
/tier_data/cold_file_643.txt,0,60852.24,8212.26,COLD
/tier_data/cold_file_644.txt,0,60852.22,16252.26,COLD
/tier_data/cold_file_645.txt,0,60852.19,11992.26,COLD
/tier_data/cold_file_646.txt,0,60852.16,18472.26,COLD
/tier_data/cold_file_647.txt,0,60852.13,9472.26,COLD
/tier_data/cold_file_648.txt,0,60852.1,8932.26,COLD
/tier_data/cold_file_649.txt,0,60852.07,15052.26,COLD
/tier_data/cold_file_650.txt,0,60852.04,4852.26,COLD
/tier_data/cold_file_651.txt,0,60852.0,7252.26,COLD
/tier_data/cold_file_652.txt,0,60851.57,9592.26,COLD
/tier_data/cold_file_653.txt,0,60851.54,12112.26,COLD
/tier_data/cold_file_654.txt,0,60851.1,6112.26,COLD
/tier_data/cold_file_655.txt,0,60851.07,16432.26,COLD
/tier_data/cold_file_656.txt,0,60851.04,5632.26,COLD
/tier_data/cold_file_657.txt,0,60851.01,16312.26,COLD
/tier_data/cold_file_658.txt,0,60850.58,13012.26,COLD
/tier_data/cold_file_659.txt,0,60850.55,15292.26,COLD
/tier_data/cold_file_660.txt,0,60850.52,15772.26,COLD
/tier_data/cold_file_661.txt,0,60850.09,6772.26,COLD
/tier_data/cold_file_662.txt,0,60849.65,14152.26,COLD
/tier_data/cold_file_663.txt,0,60849.62,14512.26,COLD
/tier_data/cold_file_664.txt,0,60849.59,7612.26,COLD
/tier_data/cold_file_665.txt,0,60849.56,16252.26,COLD
/tier_data/cold_file_666.txt,0,60849.53,16972.26,COLD
/tier_data/cold_file_667.txt,0,60849.51,15712.26,COLD
/tier_data/cold_file_668.txt,0,60849.48,15412.26,COLD
/tier_data/cold_file_669.txt,0,60849.04,15352.26,COLD
/tier_data/cold_file_670.txt,0,60849.01,14692.26,COLD
/tier_data/cold_file_671.txt,0,60848.98,6892.26,COLD
/tier_data/cold_file_672.txt,0,60848.95,8872.26,COLD
/tier_data/cold_file_673.txt,0,60848.93,17512.26,COLD
/tier_data/cold_file_674.txt,0,60848.49,10192.26,COLD
/tier_data/cold_file_675.txt,0,60848.06,6532.26,COLD
/tier_data/cold_file_676.txt,0,60848.03,8812.26,COLD
/tier_data/cold_file_677.txt,0,60848.01,11332.26,COLD
/tier_data/cold_file_678.txt,0,60847.56,6292.26,COLD
/tier_data/cold_file_679.txt,0,60847.5,6532.26,COLD
/tier_data/cold_file_680.txt,0,60847.47,18472.26,COLD
/tier_data/cold_file_681.txt,0,60847.45,6652.26,COLD
/tier_data/cold_file_682.txt,0,60847.42,14032.26,COLD
/tier_data/cold_file_683.txt,0,60847.39,13192.26,COLD
/tier_data/cold_file_684.txt,0,60847.37,6412.26,COLD
/tier_data/cold_file_685.txt,0,60847.34,9652.26,COLD
/tier_data/cold_file_686.txt,0,60847.31,16552.26,COLD
/tier_data/cold_file_687.txt,0,60847.28,16912.26,COLD
/tier_data/cold_file_688.txt,0,60847.25,5872.26,COLD
/tier_data/cold_file_689.txt,0,60846.81,9772.26,COLD
/tier_data/cold_file_690.txt,0,60846.38,11752.26,COLD
/tier_data/cold_file_691.txt,0,60846.35,12952.26,COLD
/tier_data/cold_file_692.txt,0,60846.32,14032.26,COLD
/tier_data/cold_file_693.txt,0,60846.3,14752.26,COLD
/tier_data/cold_file_694.txt,0,60846.28,14812.26,COLD
/tier_data/cold_file_695.txt,0,60846.25,16312.26,COLD
/tier_data/cold_file_696.txt,0,60846.22,10732.26,COLD
/tier_data/cold_file_697.txt,0,60845.8,9832.26,COLD
/tier_data/cold_file_698.txt,0,60845.76,16852.26,COLD
/tier_data/cold_file_699.txt,0,60845.74,11332.26,COLD
/tier_data/cold_file_700.txt,0,60845.71,7552.26,COLD
/tier_data/cold_file_701.txt,0,60845.68,5092.26,COLD
/tier_data/cold_file_702.txt,0,60845.66,12832.26,COLD
/tier_data/cold_file_703.txt,0,60845.63,6592.26,COLD
/tier_data/cold_file_704.txt,0,60845.6,10972.26,COLD
/tier_data/cold_file_705.txt,0,60845.57,18172.26,COLD
/tier_data/cold_file_706.txt,0,60845.55,16672.26,COLD
/tier_data/cold_file_707.txt,0,60845.52,18172.26,COLD
/tier_data/cold_file_708.txt,0,60845.09,8872.26,COLD
/tier_data/cold_file_709.txt,0,60845.06,4492.26,COLD
/tier_data/cold_file_710.txt,0,60844.62,5152.26,COLD
/tier_data/cold_file_711.txt,0,60844.6,10492.26,COLD
/tier_data/cold_file_712.txt,0,60844.57,11992.26,COLD
/tier_data/cold_file_713.txt,0,60844.54,6652.26,COLD
/tier_data/cold_file_714.txt,0,60844.51,12952.26,COLD
/tier_data/cold_file_715.txt,0,60844.08,13192.26,COLD
/tier_data/cold_file_716.txt,0,60844.05,10132.26,COLD
/tier_data/cold_file_717.txt,0,60844.02,16132.26,COLD
/tier_data/cold_file_718.txt,0,60843.59,4552.26,COLD
/tier_data/cold_file_719.txt,0,60843.56,18232.26,COLD
/tier_data/cold_file_720.txt,0,60843.53,12532.26,COLD
/tier_data/cold_file_721.txt,0,60843.1,7972.26,COLD
/tier_data/cold_file_722.txt,0,60843.07,16972.26,COLD
/tier_data/cold_file_723.txt,0,60843.03,17392.26,COLD
/tier_data/cold_file_724.txt,0,60843.0,6772.26,COLD
/tier_data/cold_file_725.txt,0,60842.97,16492.26,COLD
/tier_data/cold_file_726.txt,0,60842.54,14092.26,COLD
/tier_data/cold_file_727.txt,0,60842.51,4672.26,COLD
/tier_data/cold_file_728.txt,0,60842.48,6952.26,COLD
/tier_data/cold_file_729.txt,0,60842.45,12652.26,COLD
/tier_data/cold_file_730.txt,0,60842.42,8812.26,COLD
/tier_data/cold_file_731.txt,0,60841.99,17812.26,COLD
/tier_data/cold_file_732.txt,0,60841.97,16492.26,COLD
/tier_data/cold_file_733.txt,0,60841.54,10732.26,COLD
/tier_data/cold_file_734.txt,0,60841.5,10312.26,COLD
/tier_data/cold_file_735.txt,0,60841.48,13372.26,COLD
/tier_data/cold_file_736.txt,0,60841.05,5512.26,COLD
/tier_data/cold_file_737.txt,0,60840.61,6712.26,COLD
/tier_data/cold_file_738.txt,0,60840.19,17932.26,COLD
/tier_data/cold_file_739.txt,0,60840.16,17872.26,COLD
/tier_data/cold_file_740.txt,0,60840.13,7852.26,COLD
/tier_data/cold_file_741.txt,0,60840.1,5452.26,COLD
/tier_data/cold_file_742.txt,0,60840.07,16012.26,COLD
/tier_data/cold_file_743.txt,0,60839.64,7732.26,COLD
/tier_data/cold_file_744.txt,0,60839.21,9112.26,COLD
/tier_data/cold_file_745.txt,0,60838.77,14992.26,COLD
/tier_data/cold_file_746.txt,0,60838.75,4372.26,COLD
/tier_data/cold_file_747.txt,0,60838.72,17812.26,COLD
/tier_data/cold_file_748.txt,0,60838.7,12952.26,COLD
/tier_data/cold_file_749.txt,0,60838.27,5992.26,COLD
/tier_data/cold_file_750.txt,0,60837.83,9772.26,COLD
/tier_data/cold_file_751.txt,0,60837.8,8812.26,COLD
/tier_data/cold_file_752.txt,0,60837.37,10312.26,COLD
/tier_data/cold_file_753.txt,0,60837.34,15292.26,COLD
/tier_data/cold_file_754.txt,0,60836.91,18472.26,COLD
/tier_data/cold_file_755.txt,0,60836.88,13072.26,COLD
/tier_data/cold_file_756.txt,0,60836.86,8512.26,COLD
/tier_data/cold_file_757.txt,0,60836.83,8032.26,COLD
/tier_data/cold_file_758.txt,0,60836.4,10972.26,COLD
/tier_data/cold_file_759.txt,0,60836.37,13792.26,COLD
/tier_data/cold_file_760.txt,0,60835.94,16612.26,COLD
/tier_data/cold_file_761.txt,0,60835.5,4792.26,COLD
/tier_data/cold_file_762.txt,0,60835.06,8992.26,COLD
/tier_data/cold_file_763.txt,0,60835.04,11032.26,COLD
/tier_data/cold_file_764.txt,0,60835.01,14332.26,COLD
/tier_data/cold_file_765.txt,0,60834.57,15472.26,COLD
/tier_data/cold_file_766.txt,0,60834.13,12652.26,COLD
/tier_data/cold_file_767.txt,0,60833.7,13492.26,COLD
/tier_data/cold_file_768.txt,0,60833.27,11392.26,COLD
/tier_data/cold_file_769.txt,0,60832.84,18232.26,COLD
/tier_data/cold_file_770.txt,0,60832.41,14812.26,COLD
/tier_data/cold_file_771.txt,0,60832.38,4492.26,COLD
/tier_data/cold_file_772.txt,0,60832.35,16312.26,COLD
/tier_data/cold_file_773.txt,0,60831.92,14212.26,COLD
/tier_data/cold_file_774.txt,0,60831.49,18352.26,COLD
/tier_data/cold_file_775.txt,0,60831.06,16432.26,COLD
/tier_data/cold_file_776.txt,0,60830.62,6892.26,COLD
/tier_data/cold_file_777.txt,0,60830.19,12112.26,COLD
/tier_data/cold_file_778.txt,0,60829.76,11632.26,COLD
/tier_data/cold_file_779.txt,0,60829.73,6052.26,COLD
/tier_data/cold_file_780.txt,0,60829.3,4972.26,COLD
/tier_data/cold_file_781.txt,0,60828.87,4432.26,COLD
/tier_data/cold_file_782.txt,0,60828.44,8572.26,COLD
/tier_data/cold_file_783.txt,0,60828.41,15352.26,COLD
/tier_data/cold_file_784.txt,0,60828.39,9352.26,COLD
/tier_data/cold_file_785.txt,0,60828.36,14512.26,COLD
/tier_data/cold_file_786.txt,0,60827.93,5692.26,COLD
/tier_data/cold_file_787.txt,0,60827.49,11752.26,COLD
/tier_data/cold_file_788.txt,0,60827.06,10612.26,COLD
/tier_data/cold_file_789.txt,0,60827.03,12952.26,COLD
/tier_data/cold_file_790.txt,0,60827.0,6952.26,COLD
/tier_data/cold_file_791.txt,0,60826.98,4792.26,COLD
/tier_data/cold_file_792.txt,0,60826.95,4792.26,COLD
/tier_data/cold_file_793.txt,0,60826.51,12052.26,COLD
/tier_data/cold_file_794.txt,0,60826.07,7372.26,COLD
/tier_data/cold_file_795.txt,0,60826.04,5572.26,COLD
/tier_data/cold_file_796.txt,0,60826.01,6772.26,COLD
/tier_data/cold_file_797.txt,0,60825.99,7972.26,COLD
/tier_data/cold_file_798.txt,0,60825.56,9772.26,COLD
/tier_data/cold_file_799.txt,0,60825.53,7792.26,COLD
/tier_data/cold_file_800.txt,0,60825.1,13372.26,COLD
/tier_data/cold_file_801.txt,0,60825.05,10012.26,COLD
/tier_data/cold_file_802.txt,0,60825.02,12952.26,COLD
/tier_data/cold_file_803.txt,0,60824.99,17812.26,COLD
/tier_data/cold_file_804.txt,0,60824.97,5512.26,COLD
/tier_data/cold_file_805.txt,0,60824.54,7432.26,COLD
/tier_data/cold_file_806.txt,0,60824.1,5452.26,COLD
/tier_data/cold_file_807.txt,0,60823.67,11932.26,COLD
/tier_data/cold_file_808.txt,0,60823.65,5752.26,COLD
/tier_data/cold_file_809.txt,0,60823.62,6892.26,COLD
/tier_data/cold_file_810.txt,0,60823.19,4492.26,COLD
/tier_data/cold_file_811.txt,0,60822.76,17992.26,COLD
/tier_data/cold_file_812.txt,0,60822.74,14092.26,COLD
/tier_data/cold_file_813.txt,0,60822.71,18232.26,COLD
/tier_data/cold_file_814.txt,0,60822.68,11212.26,COLD
/tier_data/cold_file_815.txt,0,60822.25,5032.26,COLD
/tier_data/cold_file_816.txt,0,60821.82,9352.26,COLD
/tier_data/cold_file_817.txt,0,60821.79,12952.26,COLD
/tier_data/cold_file_818.txt,0,60821.35,11092.26,COLD
/tier_data/cold_file_819.txt,0,60820.91,18172.26,COLD
/tier_data/cold_file_820.txt,0,60820.89,17332.26,COLD
/tier_data/cold_file_821.txt,0,60820.86,17692.26,COLD
/tier_data/cold_file_822.txt,0,60820.42,9652.26,COLD
/tier_data/cold_file_823.txt,0,60819.99,17932.26,COLD
/tier_data/cold_file_824.txt,0,60819.97,4312.26,COLD
/tier_data/cold_file_825.txt,0,60819.53,13132.26,COLD
/tier_data/cold_file_826.txt,0,60819.51,16312.26,COLD
/tier_data/cold_file_827.txt,0,60819.08,9292.26,COLD
/tier_data/cold_file_828.txt,0,60818.65,4912.26,COLD
/tier_data/cold_file_829.txt,0,60818.22,10792.26,COLD
/tier_data/cold_file_830.txt,0,60818.19,5512.26,COLD
/tier_data/cold_file_831.txt,0,60817.76,12772.26,COLD
/tier_data/cold_file_832.txt,0,60817.73,14332.26,COLD
/tier_data/cold_file_833.txt,0,60817.3,5632.26,COLD
/tier_data/cold_file_834.txt,0,60816.87,5392.26,COLD
/tier_data/cold_file_835.txt,0,60816.44,12052.26,COLD
/tier_data/cold_file_836.txt,0,60816.02,7792.26,COLD
/tier_data/cold_file_837.txt,0,60815.59,15472.26,COLD
/tier_data/cold_file_838.txt,0,60815.56,14272.26,COLD
/tier_data/cold_file_839.txt,0,60815.54,14992.26,COLD
/tier_data/cold_file_840.txt,0,60815.11,5872.26,COLD
/tier_data/cold_file_841.txt,0,60815.08,18532.26,COLD
/tier_data/cold_file_842.txt,0,60815.05,15532.26,COLD
/tier_data/cold_file_843.txt,0,60814.62,7612.26,COLD
/tier_data/cold_file_844.txt,0,60814.19,12172.26,COLD
/tier_data/cold_file_845.txt,0,60813.76,13672.26,COLD
/tier_data/cold_file_846.txt,0,60813.33,13612.26,COLD
/tier_data/cold_file_847.txt,0,60813.3,16792.26,COLD
/tier_data/cold_file_848.txt,0,60813.27,14932.26,COLD
/tier_data/cold_file_849.txt,0,60812.84,5932.26,COLD
/tier_data/cold_file_850.txt,0,60812.41,14812.26,COLD
/tier_data/cold_file_851.txt,0,60812.39,15532.26,COLD
/tier_data/cold_file_852.txt,0,60811.96,6052.26,COLD
/tier_data/cold_file_853.txt,0,60811.94,4312.26,COLD
/tier_data/cold_file_854.txt,0,60811.51,5032.26,COLD
/tier_data/cold_file_855.txt,0,60811.07,17872.26,COLD
/tier_data/cold_file_856.txt,0,60810.64,15772.26,COLD
/tier_data/cold_file_857.txt,0,60810.61,5692.26,COLD
/tier_data/cold_file_858.txt,0,60810.19,16972.26,COLD
/tier_data/cold_file_859.txt,0,60809.76,11572.26,COLD
/tier_data/cold_file_860.txt,0,60809.73,7192.26,COLD
/tier_data/cold_file_861.txt,0,60809.7,15052.26,COLD
/tier_data/cold_file_862.txt,0,60809.68,9232.26,COLD
/tier_data/cold_file_863.txt,0,60809.66,10432.26,COLD
/tier_data/cold_file_864.txt,0,60809.22,16972.26,COLD
/tier_data/cold_file_865.txt,0,60808.79,4312.26,COLD
/tier_data/cold_file_866.txt,0,60808.35,6832.26,COLD
/tier_data/cold_file_867.txt,0,60807.92,11272.26,COLD
/tier_data/cold_file_868.txt,0,60807.49,8572.26,COLD
/tier_data/cold_file_869.txt,0,60807.05,16012.26,COLD
/tier_data/cold_file_870.txt,0,60806.62,14272.26,COLD
/tier_data/cold_file_871.txt,0,60806.18,14692.26,COLD
/tier_data/cold_file_872.txt,0,60806.15,7252.26,COLD
/tier_data/cold_file_873.txt,0,60805.72,13252.26,COLD
/tier_data/cold_file_874.txt,0,60805.29,17632.26,COLD
/tier_data/cold_file_875.txt,0,60805.26,10252.26,COLD
/tier_data/cold_file_876.txt,0,60804.83,13792.26,COLD
/tier_data/cold_file_877.txt,0,60804.81,15292.26,COLD
/tier_data/cold_file_878.txt,0,60804.38,12892.26,COLD
/tier_data/cold_file_879.txt,0,60803.94,5272.26,COLD
/tier_data/cold_file_880.txt,0,60803.51,5872.26,COLD
/tier_data/cold_file_881.txt,0,60803.08,12772.26,COLD
/tier_data/cold_file_882.txt,0,60803.05,4612.26,COLD
/tier_data/cold_file_883.txt,0,60803.02,15412.26,COLD
/tier_data/cold_file_884.txt,0,60802.99,6772.26,COLD
/tier_data/cold_file_885.txt,0,60802.97,12772.26,COLD
/tier_data/cold_file_886.txt,0,60802.54,8812.26,COLD
/tier_data/cold_file_887.txt,0,60802.51,16132.26,COLD
/tier_data/cold_file_888.txt,0,60802.08,16372.26,COLD
/tier_data/cold_file_889.txt,0,60802.05,9772.26,COLD
/tier_data/cold_file_890.txt,0,60801.62,18712.26,COLD
/tier_data/cold_file_891.txt,0,60801.6,5572.26,COLD
/tier_data/cold_file_892.txt,0,60801.16,6292.26,COLD
/tier_data/cold_file_893.txt,0,60801.14,5452.26,COLD
/tier_data/cold_file_894.txt,0,60801.11,16312.26,COLD
/tier_data/cold_file_895.txt,0,60800.68,9052.26,COLD
/tier_data/cold_file_896.txt,0,60800.64,11872.26,COLD
/tier_data/cold_file_897.txt,0,60800.2,8632.26,COLD
/tier_data/cold_file_898.txt,0,60799.77,15172.26,COLD
/tier_data/cold_file_899.txt,0,60799.34,7492.26,COLD
/tier_data/cold_file_900.txt,0,60798.9,18472.26,COLD
/tier_data/cold_file_901.txt,0,60798.88,16012.26,COLD
/tier_data/cold_file_902.txt,0,60798.85,4672.26,COLD
/tier_data/cold_file_903.txt,0,60798.42,9292.26,COLD
/tier_data/cold_file_904.txt,0,60797.99,4492.26,COLD
/tier_data/cold_file_905.txt,0,60797.55,12712.26,COLD
/tier_data/cold_file_906.txt,0,60797.53,18232.26,COLD
/tier_data/cold_file_907.txt,0,60797.51,10552.26,COLD
/tier_data/cold_file_908.txt,0,60797.07,6832.26,COLD
/tier_data/cold_file_909.txt,0,60797.05,17752.26,COLD
/tier_data/cold_file_910.txt,0,60796.61,8452.26,COLD
/tier_data/cold_file_911.txt,0,60796.18,16372.26,COLD
/tier_data/cold_file_912.txt,0,60795.75,12832.26,COLD
/tier_data/cold_file_913.txt,0,60795.72,10672.26,COLD
/tier_data/cold_file_914.txt,0,60795.3,12412.26,COLD
/tier_data/cold_file_915.txt,0,60794.87,16912.26,COLD
/tier_data/cold_file_916.txt,0,60794.84,6832.26,COLD
/tier_data/cold_file_917.txt,0,60794.41,6052.26,COLD
/tier_data/cold_file_918.txt,0,60793.98,10192.26,COLD
/tier_data/cold_file_919.txt,0,60793.55,7852.26,COLD
/tier_data/cold_file_920.txt,0,60793.53,5572.26,COLD
/tier_data/cold_file_921.txt,0,60793.5,9952.26,COLD
/tier_data/cold_file_922.txt,0,60793.06,18352.26,COLD
/tier_data/cold_file_923.txt,0,60792.63,9412.26,COLD
/tier_data/cold_file_924.txt,0,60792.2,10132.26,COLD
/tier_data/cold_file_925.txt,0,60791.77,10132.26,COLD
/tier_data/cold_file_926.txt,0,60791.74,12352.26,COLD
/tier_data/cold_file_927.txt,0,60791.72,11212.26,COLD
/tier_data/cold_file_928.txt,0,60791.69,14932.26,COLD
/tier_data/cold_file_929.txt,0,60791.26,10552.26,COLD
/tier_data/cold_file_930.txt,0,60790.83,11392.26,COLD
/tier_data/cold_file_931.txt,0,60790.4,18532.26,COLD
/tier_data/cold_file_932.txt,0,60789.96,12952.26,COLD
/tier_data/cold_file_933.txt,0,60789.53,9352.26,COLD
/tier_data/cold_file_934.txt,0,60789.1,18172.26,COLD
/tier_data/cold_file_935.txt,0,60788.67,5512.26,COLD
/tier_data/cold_file_936.txt,0,60788.24,9532.26,COLD
/tier_data/cold_file_937.txt,0,60787.81,8272.26,COLD
/tier_data/cold_file_938.txt,0,60787.78,17992.26,COLD
/tier_data/cold_file_939.txt,0,60787.35,12172.26,COLD
/tier_data/cold_file_940.txt,0,60786.92,10072.26,COLD
/tier_data/cold_file_941.txt,0,60786.49,15472.26,COLD
/tier_data/cold_file_942.txt,0,60786.46,12532.26,COLD
/tier_data/cold_file_943.txt,0,60786.43,17092.26,COLD
/tier_data/cold_file_944.txt,0,60786.0,10492.26,COLD
/tier_data/cold_file_945.txt,0,60785.57,4672.26,COLD
/tier_data/cold_file_946.txt,0,60785.14,10432.26,COLD
/tier_data/cold_file_947.txt,0,60784.71,12832.26,COLD
/tier_data/cold_file_948.txt,0,60784.27,7972.26,COLD
/tier_data/cold_file_949.txt,0,60783.82,14152.26,COLD
/tier_data/cold_file_950.txt,0,60783.37,9712.26,COLD
/tier_data/cold_file_951.txt,0,60782.95,11812.26,COLD
/tier_data/cold_file_952.txt,0,60782.92,17272.26,COLD
/tier_data/cold_file_953.txt,0,60782.89,12292.26,COLD
/tier_data/cold_file_954.txt,0,60782.87,13612.26,COLD
/tier_data/cold_file_955.txt,0,60782.44,16972.26,COLD
/tier_data/cold_file_956.txt,0,60782.01,4552.26,COLD
/tier_data/cold_file_957.txt,0,60781.57,12052.26,COLD
/tier_data/cold_file_958.txt,0,60781.14,6352.26,COLD
/tier_data/cold_file_959.txt,0,60780.7,10192.26,COLD
/tier_data/cold_file_960.txt,0,60780.68,17572.26,COLD
/tier_data/cold_file_961.txt,0,60780.25,17632.26,COLD
/tier_data/cold_file_962.txt,0,60779.81,18472.26,COLD
/tier_data/cold_file_963.txt,0,60779.38,7852.26,COLD
/tier_data/cold_file_964.txt,0,60778.95,7792.26,COLD
/tier_data/cold_file_965.txt,0,60778.52,8332.26,COLD
/tier_data/cold_file_966.txt,0,60778.5,9832.26,COLD
/tier_data/cold_file_967.txt,0,60778.07,12832.26,COLD
/tier_data/cold_file_968.txt,0,60778.04,11992.26,COLD
/tier_data/cold_file_969.txt,0,60777.61,12052.26,COLD
/tier_data/cold_file_970.txt,0,60777.59,17572.26,COLD
/tier_data/cold_file_971.txt,0,60777.16,5392.26,COLD
/tier_data/cold_file_972.txt,0,60776.74,10432.26,COLD
/tier_data/cold_file_973.txt,0,60776.31,4492.26,COLD
/tier_data/cold_file_974.txt,0,60775.87,10312.26,COLD
/tier_data/cold_file_975.txt,0,60775.85,8032.26,COLD
/tier_data/cold_file_976.txt,0,60775.82,13492.26,COLD
/tier_data/cold_file_977.txt,0,60775.8,6112.26,COLD
/tier_data/cold_file_978.txt,0,60775.37,8032.26,COLD
/tier_data/cold_file_979.txt,0,60775.35,9352.26,COLD
/tier_data/cold_file_980.txt,0,60775.33,8092.26,COLD
/tier_data/cold_file_981.txt,0,60775.3,16492.26,COLD
/tier_data/cold_file_982.txt,0,60774.87,11092.26,COLD
/tier_data/cold_file_983.txt,0,60774.85,6712.26,COLD
/tier_data/cold_file_984.txt,0,60774.41,15412.26,COLD
/tier_data/cold_file_985.txt,0,60773.98,17152.26,COLD
/tier_data/cold_file_986.txt,0,60773.96,16972.26,COLD
/tier_data/cold_file_987.txt,0,60773.52,8752.26,COLD
/tier_data/cold_file_988.txt,0,60773.09,11872.26,COLD
/tier_data/cold_file_989.txt,0,60773.06,11332.26,COLD
/tier_data/cold_file_990.txt,0,60772.63,5512.26,COLD
/tier_data/cold_file_991.txt,0,60772.61,11512.26,COLD
/tier_data/cold_file_992.txt,0,60772.18,10192.26,COLD
/tier_data/cold_file_993.txt,0,60772.15,11812.26,COLD
/tier_data/cold_file_994.txt,0,60771.72,11872.26,COLD
/tier_data/cold_file_995.txt,0,60771.29,15052.26,COLD
/tier_data/cold_file_996.txt,0,60770.86,4372.26,COLD
/tier_data/cold_file_997.txt,0,60770.43,15772.26,COLD
/tier_data/cold_file_998.txt,0,60769.99,18472.26,COLD
/tier_data/cold_file_999.txt,0,60769.97,10432.26,COLD
/tier_data/hot_file_100.txt,34,2812.26,10492.26,HOT
/tier_data/hot_file_101.txt,28,2272.26,17992.26,HOT
/tier_data/hot_file_102.txt,39,3112.26,9592.26,HOT
/tier_data/hot_file_103.txt,35,1312.26,12712.26,HOT
/tier_data/hot_file_104.txt,30,2932.26,10912.26,HOT
/tier_data/hot_file_105.txt,40,832.26,9652.26,HOT
/tier_data/hot_file_106.txt,34,1792.26,16192.26,HOT
/tier_data/hot_file_107.txt,32,2272.26,6052.26,HOT
/tier_data/hot_file_108.txt,31,772.26,8572.26,HOT
/tier_data/hot_file_109.txt,37,3652.26,18472.26,HOT
/tier_data/hot_file_110.txt,35,772.26,16972.26,HOT
/tier_data/hot_file_111.txt,27,3172.26,18352.26,HOT
/tier_data/hot_file_112.txt,35,2632.26,11632.26,HOT
/tier_data/hot_file_113.txt,35,2032.26,5992.26,HOT
/tier_data/hot_file_114.txt,44,2812.26,15412.26,HOT
/tier_data/hot_file_115.txt,40,3352.26,13432.26,HOT
/tier_data/hot_file_116.txt,30,3232.26,11932.26,HOT
/tier_data/hot_file_117.txt,31,2092.26,6892.26,HOT
/tier_data/hot_file_118.txt,40,3172.26,9892.26,HOT
/tier_data/hot_file_119.txt,36,2332.26,5512.26,HOT
/tier_data/hot_file_120.txt,43,1072.26,10972.26,HOT
/tier_data/hot_file_121.txt,37,3712.26,13552.26,HOT
/tier_data/hot_file_122.txt,32,2692.26,11272.26,HOT
/tier_data/hot_file_123.txt,39,952.26,7852.26,HOT
/tier_data/hot_file_124.txt,40,1912.26,9952.26,HOT
/tier_data/hot_file_125.txt,29,1312.26,14152.26,HOT
/tier_data/hot_file_126.txt,35,1612.26,16552.26,HOT
/tier_data/hot_file_127.txt,40,3532.26,13432.26,HOT
/tier_data/hot_file_128.txt,39,1432.26,4492.26,HOT
/tier_data/hot_file_129.txt,30,3592.26,13132.26,HOT
/tier_data/hot_file_130.txt,41,1072.26,14152.26,HOT
/tier_data/hot_file_131.txt,36,1792.26,14752.26,HOT
/tier_data/hot_file_132.txt,32,2752.26,16732.26,HOT
/tier_data/hot_file_133.txt,42,2452.26,12532.26,HOT
/tier_data/hot_file_134.txt,35,1972.26,14092.26,HOT
/tier_data/hot_file_135.txt,29,1852.26,14632.26,HOT
/tier_data/hot_file_136.txt,44,2932.26,16012.26,HOT
/tier_data/hot_file_137.txt,44,3172.26,5752.26,HOT
/tier_data/hot_file_138.txt,32,1492.26,17032.26,HOT
/tier_data/hot_file_139.txt,28,1972.26,16672.26,HOT
/tier_data/hot_file_140.txt,38,1072.26,7912.26,HOT
/tier_data/hot_file_141.txt,39,1732.26,4852.26,HOT
/tier_data/hot_file_142.txt,43,2692.26,4372.26,HOT
/tier_data/hot_file_143.txt,38,3172.26,16732.26,HOT
/tier_data/hot_file_144.txt,34,1192.26,8752.26,HOT
/tier_data/hot_file_145.txt,39,2572.26,8512.26,HOT
/tier_data/hot_file_146.txt,29,1492.26,16252.26,HOT
/tier_data/hot_file_147.txt,33,2512.26,10912.26,HOT
/tier_data/hot_file_148.txt,40,1912.26,7432.26,HOT
/tier_data/hot_file_149.txt,32,1912.26,5272.26,HOT
/tier_data/hot_file_150.txt,40,1792.26,6832.26,HOT
/tier_data/hot_file_151.txt,35,3052.26,11872.26,HOT
/tier_data/hot_file_152.txt,38,3352.26,15052.26,HOT
/tier_data/hot_file_153.txt,27,2812.26,13132.26,HOT
/tier_data/hot_file_154.txt,34,2512.26,15412.26,HOT
/tier_data/hot_file_155.txt,37,3532.26,18112.26,HOT
/tier_data/hot_file_156.txt,41,832.26,4912.26,HOT
/tier_data/hot_file_157.txt,37,892.26,8152.26,HOT
/tier_data/hot_file_158.txt,33,832.26,6772.26,HOT
/tier_data/hot_file_159.txt,29,832.26,4552.26,HOT
/tier_data/hot_file_160.txt,37,832.26,12712.26,HOT
/tier_data/hot_file_161.txt,37,1912.26,7672.26,HOT
/tier_data/hot_file_162.txt,37,3412.26,16192.26,HOT
/tier_data/hot_file_163.txt,29,2452.26,13012.26,HOT
/tier_data/hot_file_164.txt,40,3112.26,16312.26,HOT
/tier_data/hot_file_165.txt,32,2632.26,7432.26,HOT
/tier_data/hot_file_166.txt,32,2212.26,4732.26,HOT
/tier_data/hot_file_167.txt,30,2212.26,15892.26,HOT
/tier_data/hot_file_168.txt,32,1072.26,9112.26,HOT
/tier_data/hot_file_169.txt,28,1552.26,9592.26,HOT
/tier_data/hot_file_170.txt,34,892.26,16132.26,HOT
/tier_data/hot_file_171.txt,32,1732.26,4732.26,HOT
/tier_data/hot_file_172.txt,36,3652.26,12712.26,HOT
/tier_data/hot_file_173.txt,36,2272.26,8872.26,HOT
/tier_data/hot_file_174.txt,41,2152.26,12652.26,HOT
/tier_data/hot_file_175.txt,45,2212.26,4372.26,HOT
/tier_data/hot_file_176.txt,32,1372.26,6592.26,HOT
/tier_data/hot_file_177.txt,40,2512.26,16912.26,HOT
/tier_data/hot_file_178.txt,31,3472.26,15412.26,HOT
/tier_data/hot_file_179.txt,25,3352.26,4852.26,HOT
/tier_data/hot_file_180.txt,27,1012.26,13972.26,HOT
/tier_data/hot_file_181.txt,42,2572.26,17632.26,HOT
/tier_data/hot_file_182.txt,33,2992.26,16312.26,HOT
/tier_data/hot_file_183.txt,27,1852.26,4612.26,HOT
/tier_data/hot_file_184.txt,40,772.26,4972.26,HOT
/tier_data/hot_file_185.txt,39,1852.26,10972.26,HOT
/tier_data/hot_file_186.txt,33,2872.26,12172.26,HOT
/tier_data/hot_file_187.txt,33,1372.26,17392.26,HOT
/tier_data/hot_file_188.txt,28,2092.26,17692.26,HOT
/tier_data/hot_file_189.txt,32,772.26,4432.26,HOT
/tier_data/hot_file_190.txt,28,2872.26,5152.26,HOT
/tier_data/hot_file_191.txt,43,3712.26,7252.26,HOT
/tier_data/hot_file_192.txt,32,2752.26,16192.26,HOT
/tier_data/hot_file_193.txt,28,2812.26,14812.26,HOT
/tier_data/hot_file_194.txt,39,2992.26,12832.26,HOT
/tier_data/hot_file_195.txt,40,3712.26,12652.26,HOT
/tier_data/hot_file_196.txt,29,1432.26,15412.26,HOT
/tier_data/hot_file_197.txt,39,3352.26,5152.26,HOT
/tier_data/hot_file_198.txt,30,2872.26,11992.26,HOT
/tier_data/hot_file_199.txt,31,1492.26,17992.26,HOT
/tier_data/hot_file_200.txt,43,1912.26,15892.26,HOT
/tier_data/hot_file_35.txt,28,3592.26,5032.26,HOT
/tier_data/hot_file_36.txt,27,2332.26,17872.26,HOT
/tier_data/hot_file_37.txt,33,772.26,9112.26,HOT
/tier_data/hot_file_38.txt,41,2032.26,16912.26,HOT
/tier_data/hot_file_39.txt,40,2392.26,17392.26,HOT
/tier_data/hot_file_40.txt,29,3052.26,5332.26,HOT
/tier_data/hot_file_41.txt,33,3532.26,9232.26,HOT
/tier_data/hot_file_42.txt,32,1852.26,13192.26,HOT
/tier_data/hot_file_43.txt,42,1792.26,18292.26,HOT
/tier_data/hot_file_44.txt,34,2812.26,10192.26,HOT
/tier_data/hot_file_45.txt,27,3112.26,8452.26,HOT
/tier_data/hot_file_46.txt,26,3472.26,7912.26,HOT
/tier_data/hot_file_47.txt,32,1312.26,8752.26,HOT
/tier_data/hot_file_48.txt,34,1012.26,15652.26,HOT
/tier_data/hot_file_49.txt,41,1732.26,13192.26,HOT
/tier_data/hot_file_50.txt,33,3412.26,10912.26,HOT
/tier_data/hot_file_51.txt,45,2932.26,5932.26,HOT
/tier_data/hot_file_52.txt,45,1492.26,7672.26,HOT
/tier_data/hot_file_53.txt,34,3532.26,8692.26,HOT
/tier_data/hot_file_54.txt,37,2812.26,9292.26,HOT
/tier_data/hot_file_55.txt,32,2332.26,14812.26,HOT
/tier_data/hot_file_56.txt,33,2332.26,14812.26,HOT
/tier_data/hot_file_57.txt,32,1192.26,14812.26,HOT
/tier_data/hot_file_58.txt,38,3352.26,9472.26,HOT
/tier_data/hot_file_59.txt,31,3052.26,18232.26,HOT
/tier_data/hot_file_60.txt,30,3412.26,9592.26,HOT
/tier_data/hot_file_61.txt,34,772.26,16792.26,HOT
/tier_data/hot_file_62.txt,38,1552.26,8752.26,HOT
/tier_data/hot_file_63.txt,37,2092.26,7852.26,HOT
/tier_data/hot_file_64.txt,42,1792.26,7852.26,HOT
/tier_data/hot_file_65.txt,39,2452.26,15112.26,HOT
/tier_data/hot_file_66.txt,32,1372.26,9472.26,HOT
/tier_data/hot_file_67.txt,36,1312.26,5452.26,HOT
/tier_data/hot_file_68.txt,36,1732.26,9892.26,HOT
/tier_data/hot_file_69.txt,33,3712.26,17272.26,HOT
/tier_data/hot_file_70.txt,30,1492.26,17752.26,HOT
/tier_data/hot_file_71.txt,41,1432.26,6532.26,HOT
/tier_data/hot_file_72.txt,39,3652.26,7192.26,HOT
/tier_data/hot_file_73.txt,34,3652.26,11932.26,HOT
/tier_data/hot_file_74.txt,34,1852.26,14692.26,HOT
/tier_data/hot_file_75.txt,45,3532.26,8752.26,HOT
/tier_data/hot_file_76.txt,30,1852.26,15112.26,HOT
/tier_data/hot_file_77.txt,39,3412.26,13132.26,HOT
/tier_data/hot_file_78.txt,39,1072.26,8812.26,HOT
/tier_data/hot_file_79.txt,41,3532.26,7732.26,HOT
/tier_data/hot_file_80.txt,36,1372.26,5092.26,HOT
/tier_data/hot_file_81.txt,34,1012.26,12472.26,HOT
/tier_data/hot_file_82.txt,32,2332.26,6232.26,HOT
/tier_data/hot_file_83.txt,33,1432.26,10072.26,HOT
/tier_data/hot_file_84.txt,42,1012.26,4552.26,HOT
/tier_data/hot_file_85.txt,38,1852.26,5392.26,HOT
/tier_data/hot_file_86.txt,28,3112.26,15052.26,HOT
/tier_data/hot_file_87.txt,40,2752.26,16972.26,HOT
/tier_data/hot_file_88.txt,30,2152.26,15112.26,HOT
/tier_data/hot_file_89.txt,36,1252.26,11752.26,HOT
/tier_data/hot_file_90.txt,32,2632.26,5812.26,HOT
/tier_data/hot_file_91.txt,35,1552.26,4372.26,HOT
/tier_data/hot_file_92.txt,40,2812.26,18232.26,HOT
/tier_data/hot_file_93.txt,39,1192.26,5812.26,HOT
/tier_data/hot_file_94.txt,38,772.26,11332.26,HOT
/tier_data/hot_file_95.txt,38,3172.26,9832.26,HOT
/tier_data/hot_file_96.txt,44,3352.26,11812.26,HOT
/tier_data/hot_file_97.txt,37,3172.26,16192.26,HOT
/tier_data/hot_file_98.txt,40,1312.26,15712.26,HOT
/tier_data/hot_file_99.txt,37,3592.26,14932.26,HOT
/tier_data/warm_file_201.txt,6,1672.26,10012.26,WARM
/tier_data/warm_file_202.txt,12,1192.26,5572.26,WARM
/tier_data/warm_file_203.txt,13,832.26,17392.26,WARM
/tier_data/warm_file_204.txt,10,772.26,14812.26,WARM
/tier_data/warm_file_205.txt,5,1552.26,14632.26,WARM
/tier_data/warm_file_206.txt,9,1492.26,12172.26,WARM
/tier_data/warm_file_207.txt,8,3712.26,9112.26,WARM
/tier_data/warm_file_208.txt,13,1972.26,4972.26,WARM
/tier_data/warm_file_209.txt,12,3412.26,7852.26,WARM
/tier_data/warm_file_210.txt,10,832.26,7492.26,WARM
/tier_data/warm_file_211.txt,14,1732.26,11392.26,WARM
/tier_data/warm_file_212.txt,6,1912.26,9052.26,WARM
/tier_data/warm_file_213.txt,8,3472.26,13132.26,WARM
/tier_data/warm_file_214.txt,10,1312.26,7432.26,WARM
/tier_data/warm_file_215.txt,8,2452.26,9592.26,WARM
/tier_data/warm_file_216.txt,9,2932.26,7012.26,WARM
/tier_data/warm_file_217.txt,12,3112.26,17572.26,WARM
/tier_data/warm_file_218.txt,10,3652.26,11992.26,WARM
/tier_data/warm_file_219.txt,8,3412.26,17992.26,WARM
/tier_data/warm_file_220.txt,11,1312.26,16132.26,WARM
/tier_data/warm_file_221.txt,12,1252.26,15472.26,WARM
/tier_data/warm_file_222.txt,10,2812.26,12292.26,WARM
/tier_data/warm_file_223.txt,12,1072.26,16672.26,WARM
/tier_data/warm_file_224.txt,11,3592.26,7192.26,WARM
/tier_data/warm_file_225.txt,15,2572.26,18412.26,WARM
/tier_data/warm_file_226.txt,9,2152.26,10552.26,WARM
/tier_data/warm_file_227.txt,10,2932.26,13252.26,WARM
/tier_data/warm_file_228.txt,9,1012.26,8212.26,WARM
/tier_data/warm_file_229.txt,5,2632.26,12892.26,WARM
/tier_data/warm_file_230.txt,8,3352.26,16012.26,WARM
/tier_data/warm_file_231.txt,11,3532.26,17092.26,WARM
/tier_data/warm_file_232.txt,9,892.26,16672.26,WARM
/tier_data/warm_file_233.txt,11,3232.26,9172.26,WARM
/tier_data/warm_file_234.txt,6,2512.26,10312.26,WARM
/tier_data/warm_file_235.txt,9,1012.26,7672.26,WARM
/tier_data/warm_file_236.txt,12,1492.26,15172.26,WARM
/tier_data/warm_file_237.txt,12,1792.26,11752.26,WARM
/tier_data/warm_file_238.txt,11,1732.26,18112.26,WARM
/tier_data/warm_file_239.txt,15,1372.26,7192.26,WARM
/tier_data/warm_file_240.txt,6,1492.26,11692.26,WARM
/tier_data/warm_file_241.txt,8,2272.26,8092.26,WARM
/tier_data/warm_file_242.txt,12,3652.26,8632.26,WARM
/tier_data/warm_file_243.txt,12,2932.26,13672.26,WARM
/tier_data/warm_file_244.txt,13,832.26,10252.26,WARM
/tier_data/warm_file_245.txt,10,1672.26,9592.26,WARM
/tier_data/warm_file_246.txt,8,1792.26,11212.26,WARM
/tier_data/warm_file_247.txt,9,772.26,7312.26,WARM
/tier_data/warm_file_248.txt,12,1852.26,12652.26,WARM
/tier_data/warm_file_249.txt,9,3412.26,11932.26,WARM
/tier_data/warm_file_250.txt,13,2692.26,8332.26,WARM
/tier_data/warm_file_251.txt,15,1132.26,17332.26,WARM
/tier_data/warm_file_252.txt,9,2272.26,9472.26,WARM
/tier_data/warm_file_253.txt,12,2692.26,12532.26,WARM
/tier_data/warm_file_254.txt,10,3172.26,10792.26,WARM
/tier_data/warm_file_255.txt,8,2332.26,15772.26,WARM
/tier_data/warm_file_256.txt,10,1312.26,5812.26,WARM
/tier_data/warm_file_257.txt,8,892.26,13492.26,WARM
/tier_data/warm_file_258.txt,6,1492.26,12172.26,WARM
/tier_data/warm_file_259.txt,9,3172.26,10732.26,WARM
/tier_data/warm_file_260.txt,13,2272.26,15592.26,WARM
/tier_data/warm_file_261.txt,13,1972.26,17812.26,WARM
/tier_data/warm_file_262.txt,6,2572.26,8692.26,WARM
/tier_data/warm_file_263.txt,11,952.26,14212.26,WARM
/tier_data/warm_file_264.txt,8,3412.26,12352.26,WARM
/tier_data/warm_file_265.txt,13,3472.26,6412.26,WARM
/tier_data/warm_file_266.txt,7,1012.26,8992.26,WARM
/tier_data/warm_file_267.txt,13,1552.26,10852.26,WARM
/tier_data/warm_file_268.txt,7,772.26,17632.26,WARM
/tier_data/warm_file_269.txt,15,2932.26,11392.26,WARM
/tier_data/warm_file_270.txt,14,2812.26,11932.26,WARM
/tier_data/warm_file_271.txt,11,3592.26,5392.26,WARM
/tier_data/warm_file_272.txt,6,1372.26,16432.26,WARM
/tier_data/warm_file_273.txt,13,2752.26,9592.26,WARM
/tier_data/warm_file_274.txt,13,1792.26,4852.26,WARM
/tier_data/warm_file_275.txt,10,1252.26,7072.26,WARM
/tier_data/warm_file_276.txt,10,3292.26,5812.26,WARM
/tier_data/warm_file_277.txt,10,1912.26,4792.26,WARM
/tier_data/warm_file_278.txt,14,1612.26,12112.26,WARM
/tier_data/warm_file_279.txt,7,1552.26,13912.26,WARM
/tier_data/warm_file_280.txt,7,3532.26,7732.26,WARM
/tier_data/warm_file_281.txt,10,2692.26,18712.26,WARM
/tier_data/warm_file_282.txt,10,3712.26,15892.26,WARM
/tier_data/warm_file_283.txt,10,3232.26,8692.26,WARM
/tier_data/warm_file_284.txt,9,2752.26,16132.26,WARM
/tier_data/warm_file_285.txt,8,1672.26,7852.26,WARM
/tier_data/warm_file_286.txt,9,3652.26,11392.26,WARM
/tier_data/warm_file_287.txt,8,952.26,16852.26,WARM
/tier_data/warm_file_288.txt,11,1312.26,8932.26,WARM
/tier_data/warm_file_289.txt,13,2272.26,8752.26,WARM
/tier_data/warm_file_290.txt,13,2212.26,17932.26,WARM
/tier_data/warm_file_291.txt,8,1312.26,7672.26,WARM
/tier_data/warm_file_292.txt,12,1372.26,16132.26,WARM
/tier_data/warm_file_293.txt,7,2452.26,5812.26,WARM
/tier_data/warm_file_294.txt,10,1012.26,8212.26,WARM
/tier_data/warm_file_295.txt,7,1252.26,6592.26,WARM
/tier_data/warm_file_296.txt,5,772.26,10312.26,WARM
/tier_data/warm_file_297.txt,10,1252.26,9712.26,WARM
/tier_data/warm_file_298.txt,10,1432.26,11212.26,WARM
/tier_data/warm_file_299.txt,6,2512.26,11932.26,WARM
/tier_data/warm_file_300.txt,11,1432.26,14752.26,WARM
/tier_data/warm_file_301.txt,13,3412.26,14932.26,WARM
/tier_data/warm_file_302.txt,8,1852.26,5692.26,WARM
/tier_data/warm_file_303.txt,10,3112.26,10252.26,WARM
/tier_data/warm_file_304.txt,12,1252.26,8932.26,WARM
/tier_data/warm_file_305.txt,8,3172.26,7192.26,WARM
/tier_data/warm_file_306.txt,8,2092.26,12172.26,WARM
/tier_data/warm_file_307.txt,7,2092.26,17692.26,WARM
/tier_data/warm_file_308.txt,11,2032.26,9112.26,WARM
/tier_data/warm_file_309.txt,9,1432.26,4552.26,WARM
/tier_data/warm_file_310.txt,7,832.26,13012.26,WARM
/tier_data/warm_file_311.txt,13,1972.26,11212.26,WARM
/tier_data/warm_file_312.txt,12,2932.26,15772.26,WARM
/tier_data/warm_file_313.txt,10,3352.26,12112.26,WARM
/tier_data/warm_file_314.txt,12,2992.26,4492.26,WARM
/tier_data/warm_file_315.txt,11,3292.26,15652.26,WARM
/tier_data/warm_file_316.txt,11,2212.26,16972.26,WARM
/tier_data/warm_file_317.txt,12,1972.26,11212.26,WARM
/tier_data/warm_file_318.txt,11,772.26,9472.26,WARM
/tier_data/warm_file_319.txt,15,3052.26,11092.26,WARM
/tier_data/warm_file_320.txt,11,1072.26,6172.26,WARM
/tier_data/warm_file_321.txt,7,1732.26,9832.26,WARM
/tier_data/warm_file_322.txt,11,892.26,12412.26,WARM
/tier_data/warm_file_323.txt,6,2812.26,17392.26,WARM
/tier_data/warm_file_324.txt,7,3052.26,11632.26,WARM
/tier_data/warm_file_325.txt,10,2572.26,15532.26,WARM
/tier_data/warm_file_326.txt,14,1492.26,16012.26,WARM
/tier_data/warm_file_327.txt,8,3712.26,4612.26,WARM
/tier_data/warm_file_328.txt,11,2032.26,7072.26,WARM
/tier_data/warm_file_329.txt,10,2812.26,15652.26,WARM
/tier_data/warm_file_330.txt,10,3112.26,17752.26,WARM
/tier_data/warm_file_331.txt,10,3232.26,7372.26,WARM
/tier_data/warm_file_332.txt,13,3472.26,13072.26,WARM
/tier_data/warm_file_333.txt,11,952.26,14092.26,WARM
/tier_data/warm_file_334.txt,8,2452.26,9172.26,WARM
/tier_data/warm_file_335.txt,15,3232.26,14212.26,WARM
/tier_data/warm_file_336.txt,7,2572.26,15772.26,WARM
/tier_data/warm_file_337.txt,12,772.26,16912.26,WARM
/tier_data/warm_file_338.txt,8,3232.26,11692.26,WARM
/tier_data/warm_file_339.txt,11,2092.26,10792.26,WARM
/tier_data/warm_file_340.txt,14,1972.26,16012.26,WARM
/tier_data/warm_file_341.txt,11,1672.26,11512.26,WARM
/tier_data/warm_file_342.txt,14,1252.26,4312.26,WARM
/tier_data/warm_file_343.txt,7,3532.26,17872.26,WARM
/tier_data/warm_file_344.txt,10,1312.26,6592.26,WARM
/tier_data/warm_file_345.txt,14,2452.26,5752.26,WARM
/tier_data/warm_file_346.txt,12,3172.26,5872.26,WARM
/tier_data/warm_file_347.txt,12,2092.26,16732.26,WARM
/tier_data/warm_file_348.txt,13,3112.26,8752.26,WARM
/tier_data/warm_file_349.txt,10,2092.26,18472.26,WARM
/tier_data/warm_file_350.txt,11,2572.26,9652.26,WARM
/tier_data/warm_file_351.txt,10,832.26,7132.26,WARM
/tier_data/warm_file_352.txt,14,2632.26,10792.26,WARM
/tier_data/warm_file_353.txt,7,1792.26,14512.26,WARM
/tier_data/warm_file_354.txt,5,3052.26,7492.26,WARM
/tier_data/warm_file_355.txt,12,1072.26,7012.26,WARM
/tier_data/warm_file_356.txt,6,3712.26,12712.26,WARM
/tier_data/warm_file_357.txt,9,952.26,18052.26,WARM
/tier_data/warm_file_358.txt,10,952.26,5092.26,WARM
/tier_data/warm_file_359.txt,7,1852.26,5692.26,WARM
/tier_data/warm_file_360.txt,7,1852.26,8092.26,WARM
/tier_data/warm_file_361.txt,10,2092.26,16372.26,WARM
/tier_data/warm_file_362.txt,14,3292.26,10852.26,WARM
/tier_data/warm_file_363.txt,5,2572.26,12772.26,WARM
/tier_data/warm_file_364.txt,13,3052.26,15592.26,WARM
/tier_data/warm_file_365.txt,13,952.26,15292.26,WARM
/tier_data/warm_file_366.txt,11,2152.26,8452.26,WARM
/tier_data/warm_file_367.txt,7,2512.26,5752.26,WARM
/tier_data/warm_file_368.txt,9,2092.26,17692.26,WARM
/tier_data/warm_file_369.txt,8,2392.26,9172.26,WARM
/tier_data/warm_file_370.txt,10,1492.26,7132.26,WARM
/tier_data/warm_file_371.txt,12,1552.26,16732.26,WARM
/tier_data/warm_file_372.txt,13,3472.26,11152.26,WARM
/tier_data/warm_file_373.txt,10,2272.26,6472.26,WARM
/tier_data/warm_file_374.txt,9,1912.26,17272.26,WARM
/tier_data/warm_file_375.txt,12,1012.26,4432.26,WARM
/tier_data/warm_file_376.txt,6,2212.26,10432.26,WARM
/tier_data/warm_file_377.txt,7,3292.26,11332.26,WARM
/tier_data/warm_file_378.txt,5,2392.26,15232.26,WARM
/tier_data/warm_file_379.txt,14,3472.26,4552.26,WARM
/tier_data/warm_file_380.txt,9,1432.26,10252.26,WARM
/tier_data/warm_file_381.txt,13,3712.26,4612.26,WARM
/tier_data/warm_file_382.txt,7,2572.26,16192.26,WARM
/tier_data/warm_file_383.txt,7,2872.26,7492.26,WARM
/tier_data/warm_file_384.txt,9,1732.26,14332.26,WARM
/tier_data/warm_file_385.txt,11,3352.26,16672.26,WARM
/tier_data/warm_file_386.txt,8,1972.26,9292.26,WARM
/tier_data/warm_file_387.txt,11,1132.26,13252.26,WARM
/tier_data/warm_file_388.txt,14,1072.26,10072.26,WARM
/tier_data/warm_file_389.txt,8,2992.26,18532.26,WARM
/tier_data/warm_file_390.txt,12,1732.26,12112.26,WARM
/tier_data/warm_file_391.txt,11,1552.26,15292.26,WARM
/tier_data/warm_file_392.txt,13,2152.26,7612.26,WARM
/tier_data/warm_file_393.txt,13,3172.26,10012.26,WARM
/tier_data/warm_file_394.txt,8,1252.26,15772.26,WARM
/tier_data/warm_file_395.txt,6,2932.26,14632.26,WARM
/tier_data/warm_file_396.txt,13,2392.26,5692.26,WARM
/tier_data/warm_file_397.txt,11,2872.26,5812.26,WARM
/tier_data/warm_file_398.txt,10,1252.26,14332.26,WARM
/tier_data/warm_file_399.txt,5,2932.26,5032.26,WARM
/tier_data/warm_file_400.txt,8,2572.26,7492.26,WARM
/tier_data/warm_file_401.txt,12,3532.26,6712.26,WARM
/tier_data/warm_file_402.txt,6,2092.26,13192.26,WARM
/tier_data/warm_file_403.txt,8,3592.26,14332.26,WARM
/tier_data/warm_file_404.txt,6,2692.26,6832.26,WARM
/tier_data/warm_file_405.txt,11,1612.26,17152.26,WARM
/tier_data/warm_file_406.txt,7,1432.26,12532.26,WARM
/tier_data/warm_file_407.txt,12,1492.26,4792.26,WARM
/tier_data/warm_file_408.txt,11,1012.26,7252.26,WARM
/tier_data/warm_file_409.txt,11,892.26,13792.26,WARM
/tier_data/warm_file_410.txt,9,1672.26,11032.26,WARM
/tier_data/warm_file_411.txt,12,2932.26,18112.26,WARM
/tier_data/warm_file_412.txt,13,1552.26,12172.26,WARM
/tier_data/warm_file_413.txt,12,1012.26,4852.26,WARM
/tier_data/warm_file_414.txt,7,1552.26,10312.26,WARM
/tier_data/warm_file_415.txt,11,2272.26,12712.26,WARM
/tier_data/warm_file_416.txt,9,1372.26,5212.26,WARM
/tier_data/warm_file_417.txt,10,2992.26,16132.26,WARM
/tier_data/warm_file_418.txt,11,1012.26,5212.26,WARM
/tier_data/warm_file_419.txt,8,2512.26,6592.26,WARM
/tier_data/warm_file_420.txt,11,2632.26,12172.26,WARM
/tier_data/warm_file_421.txt,9,3172.26,6232.26,WARM
/tier_data/warm_file_422.txt,7,1492.26,10012.26,WARM
/tier_data/warm_file_423.txt,7,1132.26,13492.26,WARM
/tier_data/warm_file_424.txt,11,1372.26,8392.26,WARM
/tier_data/warm_file_425.txt,12,2572.26,14572.26,WARM
/tier_data/warm_file_426.txt,12,2152.26,4732.26,WARM
/tier_data/warm_file_427.txt,15,3232.26,17512.26,WARM
/tier_data/warm_file_428.txt,14,1972.26,9352.26,WARM
/tier_data/warm_file_429.txt,10,772.26,8632.26,WARM
/tier_data/warm_file_430.txt,7,1492.26,6172.26,WARM
/tier_data/warm_file_431.txt,13,2392.26,15472.26,WARM
/tier_data/warm_file_432.txt,9,1552.26,7312.26,WARM
/tier_data/warm_file_433.txt,15,2572.26,4972.26,WARM
/tier_data/warm_file_434.txt,12,1432.26,13012.26,WARM
/tier_data/warm_file_435.txt,11,1492.26,18352.26,WARM
/tier_data/warm_file_436.txt,9,1492.26,13132.26,WARM
/tier_data/warm_file_437.txt,11,1192.26,16432.26,WARM
/tier_data/warm_file_438.txt,8,2572.26,15532.26,WARM
/tier_data/warm_file_439.txt,9,1672.26,4672.26,WARM
/tier_data/warm_file_440.txt,8,1432.26,9952.26,WARM
/tier_data/warm_file_441.txt,9,3712.26,17572.26,WARM
/tier_data/warm_file_442.txt,8,2272.26,13792.26,WARM
/tier_data/warm_file_443.txt,9,3052.26,7612.26,WARM
/tier_data/warm_file_444.txt,12,1312.26,13432.26,WARM
/tier_data/warm_file_445.txt,12,3652.26,9652.26,WARM
/tier_data/warm_file_446.txt,13,3532.26,16612.26,WARM
/tier_data/warm_file_447.txt,8,2332.26,8092.26,WARM
/tier_data/warm_file_448.txt,8,3292.26,12532.26,WARM
/tier_data/warm_file_449.txt,13,1432.26,16492.26,WARM
/tier_data/warm_file_450.txt,14,1372.26,11752.26,WARM
/tier_data/warm_file_451.txt,8,1132.26,6712.26,WARM
/tier_data/warm_file_452.txt,13,3352.26,6892.26,WARM
/tier_data/warm_file_453.txt,13,3712.26,12112.26,WARM
/tier_data/warm_file_454.txt,13,832.26,15892.26,WARM
/tier_data/warm_file_455.txt,12,2092.26,16552.26,WARM
/tier_data/warm_file_456.txt,9,2572.26,8152.26,WARM
/tier_data/warm_file_457.txt,9,2992.26,7312.26,WARM
/tier_data/warm_file_458.txt,11,1852.26,5932.26,WARM
/tier_data/warm_file_459.txt,9,3112.26,4492.26,WARM
/tier_data/warm_file_460.txt,12,1192.26,14932.26,WARM
/tier_data/warm_file_461.txt,7,3112.26,14992.26,WARM
/tier_data/warm_file_462.txt,7,1372.26,14992.26,WARM
/tier_data/warm_file_463.txt,8,2692.26,15352.26,WARM
/tier_data/warm_file_464.txt,7,2272.26,8332.26,WARM
/tier_data/warm_file_465.txt,13,2392.26,16372.26,WARM
/tier_data/warm_file_466.txt,12,3472.26,13012.26,WARM
/tier_data/warm_file_467.txt,9,3472.26,17872.26,WARM
/tier_data/warm_file_468.txt,11,2392.26,11812.26,WARM
/tier_data/warm_file_469.txt,13,1972.26,6772.26,WARM
/tier_data/warm_file_470.txt,12,2392.26,10012.26,WARM
/tier_data/warm_file_471.txt,6,952.26,16432.26,WARM
/tier_data/warm_file_472.txt,5,2752.26,13252.26,WARM
/tier_data/warm_file_473.txt,11,2512.26,16372.26,WARM
/tier_data/warm_file_474.txt,11,772.26,12232.26,WARM
/tier_data/warm_file_475.txt,10,1912.26,17752.26,WARM
/tier_data/warm_file_476.txt,7,2272.26,5812.26,WARM
/tier_data/warm_file_477.txt,10,2692.26,7012.26,WARM
/tier_data/warm_file_478.txt,15,3112.26,12292.26,WARM
/tier_data/warm_file_479.txt,11,2512.26,4432.26,WARM
/tier_data/warm_file_480.txt,14,1612.26,15532.26,WARM
/tier_data/warm_file_481.txt,14,2512.26,8452.26,WARM
/tier_data/warm_file_482.txt,11,2572.26,18472.26,WARM
/tier_data/warm_file_483.txt,11,3232.26,16432.26,WARM
/tier_data/warm_file_484.txt,7,1612.26,7072.26,WARM
/tier_data/warm_file_485.txt,9,1672.26,7612.26,WARM
/tier_data/warm_file_486.txt,11,1312.26,10072.26,WARM
/tier_data/warm_file_487.txt,13,2572.26,14872.26,WARM
/tier_data/warm_file_488.txt,8,1192.26,9172.26,WARM
/tier_data/warm_file_489.txt,13,1792.26,8032.26,WARM
/tier_data/warm_file_490.txt,10,3712.26,10552.26,WARM
/tier_data/warm_file_491.txt,13,2812.26,10132.26,WARM
/tier_data/warm_file_492.txt,10,1972.26,6352.26,WARM
/tier_data/warm_file_493.txt,13,1612.26,4492.26,WARM
/tier_data/warm_file_494.txt,12,3352.26,7372.26,WARM
/tier_data/warm_file_495.txt,9,1612.26,7612.26,WARM
/tier_data/warm_file_496.txt,8,2512.26,8212.26,WARM
/tier_data/warm_file_497.txt,7,1492.26,17632.26,WARM
/tier_data/warm_file_498.txt,7,2152.26,17392.26,WARM
/tier_data/warm_file_499.txt,12,1432.26,18292.26,WARM
/tier_data/warm_file_500.txt,6,3112.26,8692.26,WARM
/tier_data/warm_file_501.txt,9,1192.26,9892.26,WARM
/tier_data/warm_file_502.txt,9,3652.26,12712.26,WARM
/tier_data/warm_file_503.txt,11,2392.26,7252.26,WARM
/tier_data/warm_file_504.txt,6,1132.26,13852.26,WARM
/tier_data/warm_file_505.txt,13,3712.26,12712.26,WARM
/tier_data/warm_file_506.txt,11,1252.26,11752.26,WARM
/tier_data/warm_file_507.txt,10,2992.26,14512.26,WARM
/tier_data/warm_file_508.txt,9,1672.26,12352.26,WARM
/tier_data/warm_file_509.txt,15,3052.26,7132.26,WARM
/tier_data/warm_file_510.txt,12,3172.26,9292.26,WARM
/tier_data/warm_file_511.txt,8,3652.26,6892.26,WARM
/tier_data/warm_file_512.txt,14,2572.26,10732.26,WARM
/tier_data/warm_file_513.txt,13,3412.26,14332.26,WARM
/tier_data/warm_file_514.txt,8,2092.26,18652.26,WARM
/tier_data/warm_file_515.txt,11,2152.26,13492.26,WARM
/tier_data/warm_file_516.txt,9,2752.26,12952.26,WARM
/tier_data/warm_file_517.txt,10,2872.26,13612.26,WARM
/tier_data/warm_file_518.txt,9,1312.26,4312.26,WARM
/tier_data/warm_file_519.txt,7,3472.26,11092.26,WARM
/tier_data/warm_file_520.txt,5,2272.26,14452.26,WARM
/tier_data/warm_file_521.txt,9,2992.26,6832.26,WARM
/tier_data/warm_file_522.txt,9,1252.26,14752.26,WARM
/tier_data/warm_file_523.txt,14,1612.26,13852.26,WARM
/tier_data/warm_file_524.txt,9,1912.26,6712.26,WARM
/tier_data/warm_file_525.txt,12,2572.26,16432.26,WARM
/tier_data/warm_file_526.txt,11,2872.26,12172.26,WARM
/tier_data/warm_file_527.txt,5,3532.26,17332.26,WARM
/tier_data/warm_file_528.txt,10,832.26,10372.26,WARM
/tier_data/warm_file_529.txt,7,2572.26,7912.26,WARM
/tier_data/warm_file_530.txt,8,1552.26,17272.26,WARM
/tier_data/warm_file_531.txt,11,1372.26,11812.26,WARM
/tier_data/warm_file_532.txt,7,2752.26,8572.26,WARM
/tier_data/warm_file_533.txt,9,952.26,13072.26,WARM
/tier_data/warm_file_534.txt,6,1792.26,18472.26,WARM
/tier_data/warm_file_535.txt,10,3412.26,11692.26,WARM
/tier_data/warm_file_536.txt,6,2872.26,10372.26,WARM
/tier_data/warm_file_537.txt,7,892.26,11512.26,WARM
/tier_data/warm_file_538.txt,7,1072.26,7972.26,WARM
/tier_data/warm_file_539.txt,5,772.26,8932.26,WARM
/tier_data/warm_file_540.txt,5,3292.26,10012.26,WARM
/tier_data/warm_file_541.txt,6,3232.26,5572.26,WARM
/tier_data/warm_file_542.txt,6,3352.26,18112.26,WARM
/tier_data/warm_file_543.txt,8,1492.26,15832.26,WARM
/tier_data/warm_file_544.txt,4,772.26,11272.26,WARM
/tier_data/warm_file_545.txt,9,2572.26,10732.26,WARM
/tier_data/warm_file_546.txt,6,1312.26,14032.26,WARM
/tier_data/warm_file_547.txt,7,2692.26,12412.26,WARM
/tier_data/warm_file_548.txt,8,3712.26,13432.26,WARM
/tier_data/warm_file_549.txt,4,1972.26,14752.26,WARM
/tier_data/warm_file_550.txt,10,1912.26,5992.26,WARM
/tier_data/warm_file_551.txt,5,2812.26,10912.26,WARM
/tier_data/warm_file_552.txt,3,832.26,4972.26,WARM
/tier_data/warm_file_553.txt,9,1552.26,7852.26,WARM
/tier_data/warm_file_554.txt,9,3052.26,17152.26,WARM
/tier_data/warm_file_555.txt,3,832.26,5152.26,WARM
/tier_data/warm_file_556.txt,6,1072.26,15292.26,WARM
/tier_data/warm_file_557.txt,7,2752.26,17092.26,WARM
/tier_data/warm_file_558.txt,6,1072.26,13252.26,WARM
/tier_data/warm_file_559.txt,7,2632.26,5572.26,WARM
/tier_data/warm_file_560.txt,9,3652.26,9952.26,WARM
/tier_data/warm_file_561.txt,5,1732.26,6052.26,WARM
/tier_data/warm_file_562.txt,6,1672.26,8392.26,WARM
/tier_data/warm_file_563.txt,7,3592.26,7132.26,WARM
/tier_data/warm_file_564.txt,7,3412.26,6892.26,WARM
/tier_data/warm_file_565.txt,10,2932.26,14092.26,WARM
/tier_data/warm_file_566.txt,8,2272.26,14332.26,WARM
/tier_data/warm_file_567.txt,4,2572.26,8512.26,WARM
/tier_data/warm_file_568.txt,10,2152.26,16672.26,WARM
/tier_data/warm_file_569.txt,5,1492.26,14392.26,WARM
/tier_data/warm_file_570.txt,10,2692.26,16312.26,WARM
/tier_data/warm_file_571.txt,5,3652.26,6952.26,WARM
/tier_data/warm_file_572.txt,10,1732.26,18112.26,WARM
/tier_data/warm_file_573.txt,4,3652.26,9652.26,WARM
/tier_data/warm_file_574.txt,6,2812.26,17692.26,WARM
/tier_data/warm_file_575.txt,4,1192.26,8512.26,WARM
/tier_data/warm_file_576.txt,9,2032.26,11092.26,WARM
/tier_data/warm_file_577.txt,5,2992.26,5872.26,WARM
/tier_data/warm_file_578.txt,3,3292.26,15592.26,WARM
/tier_data/warm_file_579.txt,10,1612.26,12232.26,WARM
/tier_data/warm_file_580.txt,9,2272.26,14152.26,WARM
/tier_data/warm_file_581.txt,6,952.26,13252.26,WARM
/tier_data/warm_file_582.txt,6,2152.26,5992.26,WARM
/tier_data/warm_file_583.txt,3,1972.26,14752.26,WARM
/tier_data/warm_file_584.txt,8,3592.26,17752.26,WARM
/tier_data/warm_file_585.txt,8,1072.26,8512.26,WARM
/tier_data/warm_file_586.txt,7,1972.26,16972.26,WARM
/tier_data/warm_file_587.txt,10,2692.26,8272.26,WARM
/tier_data/warm_file_588.txt,3,1552.26,4852.26,WARM
/tier_data/warm_file_589.txt,7,1612.26,13192.26,WARM
/tier_data/warm_file_590.txt,7,3472.26,15892.26,WARM
/tier_data/warm_file_591.txt,3,1792.26,10372.26,WARM
/tier_data/warm_file_592.txt,8,2872.26,6892.26,WARM
/tier_data/warm_file_593.txt,3,2272.26,17692.26,WARM
/tier_data/warm_file_594.txt,6,1912.26,14752.26,WARM
/tier_data/warm_file_595.txt,10,2392.26,14332.26,WARM
/tier_data/warm_file_596.txt,5,2632.26,4312.26,WARM
/tier_data/warm_file_597.txt,6,1672.26,16312.26,WARM
/tier_data/warm_file_598.txt,3,1732.26,12472.26,WARM
/tier_data/warm_file_599.txt,8,3472.26,4492.26,WARM
/tier_data/warm_file_600.txt,5,2752.26,4372.26,WARM
/tier_data/temp_hdfs_staging,0,300.59,300.59,UNKNOWN
