file_path,access_count,recency_seconds,age_seconds
/tier_data/hot_file.txt,10,1285655.69,1285672.33
/tier_data/warm_file.txt,3,1285651.56,1285670.62
/tier_data/cold_file.txt,0,1285669.36,1285669.36
/tier_data/hot_file_1.txt,127,662.84,17762.84
/tier_data/hot_file_2.txt,129,422.84,6002.84
/tier_data/hot_file_3.txt,124,722.84,11762.84
/tier_data/hot_file_4.txt,138,2642.84,10802.84
/tier_data/hot_file_5.txt,131,2462.84,8042.84
/tier_data/hot_file_6.txt,115,2702.84,10862.84
/tier_data/hot_file_7.txt,110,482.84,17282.84
/tier_data/hot_file_8.txt,124,1562.84,5642.84
/tier_data/hot_file_9.txt,119,2342.84,8882.84
/tier_data/hot_file_10.txt,123,782.84,5162.84
/tier_data/hot_file_11.txt,113,1802.84,6722.84
/tier_data/hot_file_12.txt,127,122.84,12302.84
/tier_data/hot_file_13.txt,116,2522.84,15902.84
/tier_data/hot_file_14.txt,122,482.84,10022.84
/tier_data/hot_file_15.txt,106,2702.84,6242.84
/tier_data/hot_file_16.txt,119,62.84,7082.84
/tier_data/hot_file_17.txt,125,1142.84,5282.84
/tier_data/hot_file_18.txt,127,842.84,9782.84
/tier_data/hot_file_19.txt,124,2102.84,15722.84
/tier_data/hot_file_20.txt,106,962.84,11282.84
/tier_data/hot_file_21.txt,124,3002.84,14822.84
/tier_data/hot_file_22.txt,116,2102.84,14402.84
/tier_data/hot_file_23.txt,139,1742.84,13022.84
/tier_data/hot_file_24.txt,116,1142.84,12962.84
/tier_data/hot_file_25.txt,130,1862.84,12902.84
/tier_data/hot_file_26.txt,132,2102.84,11942.84
/tier_data/hot_file_27.txt,116,182.84,9482.84
/tier_data/hot_file_28.txt,135,1682.84,17342.84
/tier_data/hot_file_29.txt,158,842.84,4562.84
/tier_data/hot_file_30.txt,137,2702.84,5342.84
/tier_data/hot_file_31.txt,122,3002.84,8282.84
/tier_data/hot_file_32.txt,115,482.84,5762.84
/tier_data/hot_file_33.txt,116,782.84,10862.84
/tier_data/hot_file_34.txt,114,1562.84,12842.84
/tier_data/cold_file_1000.txt,0,1279626.0,16082.84
/tier_data/cold_file_601.txt,0,1279625.76,7562.84
/tier_data/cold_file_602.txt,0,1279625.73,6842.84
/tier_data/cold_file_603.txt,0,1279625.7,17282.84
/tier_data/cold_file_604.txt,0,1279625.26,9782.84
/tier_data/cold_file_605.txt,0,1279625.23,4022.84
/tier_data/cold_file_606.txt,0,1279625.2,15842.84
/tier_data/cold_file_607.txt,0,1279624.76,12842.84
/tier_data/cold_file_608.txt,0,1279624.73,14582.84
/tier_data/cold_file_609.txt,0,1279624.7,16742.84
/tier_data/cold_file_610.txt,0,1279624.67,4142.84
/tier_data/cold_file_611.txt,0,1279624.23,9602.84
/tier_data/cold_file_612.txt,0,1279624.2,11762.84
/tier_data/cold_file_613.txt,0,1279624.18,7142.84
/tier_data/cold_file_614.txt,0,1279624.14,7622.84
/tier_data/cold_file_615.txt,0,1279623.71,6842.84
/tier_data/cold_file_616.txt,0,1279623.27,10142.84
/tier_data/cold_file_617.txt,0,1279623.24,15782.84
/tier_data/cold_file_618.txt,0,1279623.21,11762.84
/tier_data/cold_file_619.txt,0,1279622.77,17582.84
/tier_data/cold_file_620.txt,0,1279622.73,14282.84
/tier_data/cold_file_621.txt,0,1279622.7,7982.84
/tier_data/cold_file_622.txt,0,1279622.67,7142.84
/tier_data/cold_file_623.txt,0,1279622.63,8702.84
/tier_data/cold_file_624.txt,0,1279622.6,17522.84
/tier_data/cold_file_625.txt,0,1279622.57,9362.84
/tier_data/cold_file_626.txt,0,1279622.54,12662.84
/tier_data/cold_file_627.txt,0,1279622.52,4742.84
/tier_data/cold_file_628.txt,0,1279622.49,10442.84
/tier_data/cold_file_629.txt,0,1279622.46,17702.84
/tier_data/cold_file_630.txt,0,1279622.02,12062.84
/tier_data/cold_file_631.txt,0,1279621.98,15302.84
/tier_data/cold_file_632.txt,0,1279621.55,16322.84
/tier_data/cold_file_633.txt,0,1279621.51,17222.84
/tier_data/cold_file_634.txt,0,1279621.08,15482.84
/tier_data/cold_file_635.txt,0,1279621.05,17282.84
/tier_data/cold_file_636.txt,0,1279621.02,7262.84
/tier_data/cold_file_637.txt,0,1279620.99,17822.84
/tier_data/cold_file_638.txt,0,1279620.97,16982.84
/tier_data/cold_file_639.txt,0,1279620.94,16802.84
/tier_data/cold_file_640.txt,0,1279620.91,14522.84
/tier_data/cold_file_641.txt,0,1279620.88,13502.84
/tier_data/cold_file_642.txt,0,1279620.85,11702.84
/tier_data/cold_file_643.txt,0,1279620.82,9542.84
/tier_data/cold_file_644.txt,0,1279620.8,14582.84
/tier_data/cold_file_645.txt,0,1279620.77,13202.84
/tier_data/cold_file_646.txt,0,1279620.74,10202.84
/tier_data/cold_file_647.txt,0,1279620.71,12662.84
/tier_data/cold_file_648.txt,0,1279620.68,16262.84
/tier_data/cold_file_649.txt,0,1279620.65,8702.84
/tier_data/cold_file_650.txt,0,1279620.62,8162.84
/tier_data/cold_file_651.txt,0,1279620.58,16022.84
/tier_data/cold_file_652.txt,0,1279620.15,6602.84
/tier_data/cold_file_653.txt,0,1279620.12,6122.84
/tier_data/cold_file_654.txt,0,1279619.68,9182.84
/tier_data/cold_file_655.txt,0,1279619.65,9062.84
/tier_data/cold_file_656.txt,0,1279619.62,10442.84
/tier_data/cold_file_657.txt,0,1279619.59,5582.84
/tier_data/cold_file_658.txt,0,1279619.16,8222.84
/tier_data/cold_file_659.txt,0,1279619.13,5222.84
/tier_data/cold_file_660.txt,0,1279619.1,12362.84
/tier_data/cold_file_661.txt,0,1279618.67,4022.84
/tier_data/cold_file_662.txt,0,1279618.23,5942.84
/tier_data/cold_file_663.txt,0,1279618.2,9482.84
/tier_data/cold_file_664.txt,0,1279618.17,17762.84
/tier_data/cold_file_665.txt,0,1279618.14,15962.84
/tier_data/cold_file_666.txt,0,1279618.11,9722.84
/tier_data/cold_file_667.txt,0,1279618.08,16682.84
/tier_data/cold_file_668.txt,0,1279618.06,6422.84
/tier_data/cold_file_669.txt,0,1279617.62,11702.84
/tier_data/cold_file_670.txt,0,1279617.59,3602.84
/tier_data/cold_file_671.txt,0,1279617.56,14462.84
/tier_data/cold_file_672.txt,0,1279617.53,7742.84
/tier_data/cold_file_673.txt,0,1279617.51,6842.84
/tier_data/cold_file_674.txt,0,1279617.07,12602.84
/tier_data/cold_file_675.txt,0,1279616.64,11102.84
/tier_data/cold_file_676.txt,0,1279616.61,6722.84
/tier_data/cold_file_677.txt,0,1279616.58,7682.84
/tier_data/cold_file_678.txt,0,1279616.14,6362.84
/tier_data/cold_file_679.txt,0,1279616.07,9722.84
/tier_data/cold_file_680.txt,0,1279616.05,4742.84
/tier_data/cold_file_681.txt,0,1279616.02,13562.84
/tier_data/cold_file_682.txt,0,1279616.0,14702.84
/tier_data/cold_file_683.txt,0,1279615.97,10622.84
/tier_data/cold_file_684.txt,0,1279615.95,13442.84
/tier_data/cold_file_685.txt,0,1279615.92,11522.84
/tier_data/cold_file_686.txt,0,1279615.89,5642.84
/tier_data/cold_file_687.txt,0,1279615.86,11582.84
/tier_data/cold_file_688.txt,0,1279615.83,15902.84
/tier_data/cold_file_689.txt,0,1279615.39,17042.84
/tier_data/cold_file_690.txt,0,1279614.96,15302.84
/tier_data/cold_file_691.txt,0,1279614.93,11582.84
/tier_data/cold_file_692.txt,0,1279614.9,12062.84
/tier_data/cold_file_693.txt,0,1279614.88,6902.84
/tier_data/cold_file_694.txt,0,1279614.85,13862.84
/tier_data/cold_file_695.txt,0,1279614.83,5942.84
/tier_data/cold_file_696.txt,0,1279614.8,12602.84
/tier_data/cold_file_697.txt,0,1279614.38,8342.84
/tier_data/cold_file_698.txt,0,1279614.34,6122.84
/tier_data/cold_file_699.txt,0,1279614.32,13862.84
/tier_data/cold_file_700.txt,0,1279614.29,11942.84
/tier_data/cold_file_701.txt,0,1279614.26,16322.84
/tier_data/cold_file_702.txt,0,1279614.23,7982.84
/tier_data/cold_file_703.txt,0,1279614.21,10562.84
/tier_data/cold_file_704.txt,0,1279614.18,13982.84
/tier_data/cold_file_705.txt,0,1279614.15,17642.84
/tier_data/cold_file_706.txt,0,1279614.13,17222.84
/tier_data/cold_file_707.txt,0,1279614.1,6902.84
/tier_data/cold_file_708.txt,0,1279613.67,8522.84
/tier_data/cold_file_709.txt,0,1279613.64,16322.84
/tier_data/cold_file_710.txt,0,1279613.2,17822.84
/tier_data/cold_file_711.txt,0,1279613.18,14762.84
/tier_data/cold_file_712.txt,0,1279613.15,16322.84
/tier_data/cold_file_713.txt,0,1279613.12,6062.84
/tier_data/cold_file_714.txt,0,1279613.09,9542.84
/tier_data/cold_file_715.txt,0,1279612.66,16742.84
/tier_data/cold_file_716.txt,0,1279612.63,3662.84
/tier_data/cold_file_717.txt,0,1279612.6,5342.84
/tier_data/cold_file_718.txt,0,1279612.17,7682.84
/tier_data/cold_file_719.txt,0,1279612.14,10142.84
/tier_data/cold_file_720.txt,0,1279612.11,7922.84
/tier_data/cold_file_721.txt,0,1279611.68,9782.84
/tier_data/cold_file_722.txt,0,1279611.65,17402.84
/tier_data/cold_file_723.txt,0,1279611.61,9662.84
/tier_data/cold_file_724.txt,0,1279611.58,12422.84
/tier_data/cold_file_725.txt,0,1279611.55,10562.84
/tier_data/cold_file_726.txt,0,1279611.12,16622.84
/tier_data/cold_file_727.txt,0,1279611.09,10082.84
/tier_data/cold_file_728.txt,0,1279611.06,12002.84
/tier_data/cold_file_729.txt,0,1279611.03,15962.84
/tier_data/cold_file_730.txt,0,1279611.0,13502.84
/tier_data/cold_file_731.txt,0,1279610.57,7742.84
/tier_data/cold_file_732.txt,0,1279610.55,6662.84
/tier_data/cold_file_733.txt,0,1279610.11,11822.84
/tier_data/cold_file_734.txt,0,1279610.08,14582.84
/tier_data/cold_file_735.txt,0,1279610.06,10562.84
/tier_data/cold_file_736.txt,0,1279609.62,17882.84
/tier_data/cold_file_737.txt,0,1279609.19,10742.84
/tier_data/cold_file_738.txt,0,1279608.77,9002.84
/tier_data/cold_file_739.txt,0,1279608.74,5282.84
/tier_data/cold_file_740.txt,0,1279608.71,8282.84
/tier_data/cold_file_741.txt,0,1279608.68,11642.84
/tier_data/cold_file_742.txt,0,1279608.65,12302.84
/tier_data/cold_file_743.txt,0,1279608.22,12662.84
/tier_data/cold_file_744.txt,0,1279607.79,9962.84
/tier_data/cold_file_745.txt,0,1279607.35,12362.84
/tier_data/cold_file_746.txt,0,1279607.33,12182.84
/tier_data/cold_file_747.txt,0,1279607.3,14882.84
/tier_data/cold_file_748.txt,0,1279607.28,12722.84
/tier_data/cold_file_749.txt,0,1279606.84,17882.84
/tier_data/cold_file_750.txt,0,1279606.41,10202.84
/tier_data/cold_file_751.txt,0,1279606.38,10742.84
/tier_data/cold_file_752.txt,0,1279605.95,16562.84
/tier_data/cold_file_753.txt,0,1279605.92,10982.84
/tier_data/cold_file_754.txt,0,1279605.49,11342.84
/tier_data/cold_file_755.txt,0,1279605.46,10382.84
/tier_data/cold_file_756.txt,0,1279605.44,12242.84
/tier_data/cold_file_757.txt,0,1279605.41,14762.84
/tier_data/cold_file_758.txt,0,1279604.98,15902.84
/tier_data/cold_file_759.txt,0,1279604.95,13862.84
/tier_data/cold_file_760.txt,0,1279604.52,14822.84
/tier_data/cold_file_761.txt,0,1279604.08,11942.84
/tier_data/cold_file_762.txt,0,1279603.64,17942.84
/tier_data/cold_file_763.txt,0,1279603.61,6722.84
/tier_data/cold_file_764.txt,0,1279603.59,11102.84
/tier_data/cold_file_765.txt,0,1279603.15,4262.84
/tier_data/cold_file_766.txt,0,1279602.71,11702.84
/tier_data/cold_file_767.txt,0,1279602.28,12842.84
/tier_data/cold_file_768.txt,0,1279601.85,7442.84
/tier_data/cold_file_769.txt,0,1279601.42,13982.84
/tier_data/cold_file_770.txt,0,1279600.98,16802.84
/tier_data/cold_file_771.txt,0,1279600.96,15962.84
/tier_data/cold_file_772.txt,0,1279600.93,9722.84
/tier_data/cold_file_773.txt,0,1279600.5,17402.84
/tier_data/cold_file_774.txt,0,1279600.07,10082.84
/tier_data/cold_file_775.txt,0,1279599.64,17462.84
/tier_data/cold_file_776.txt,0,1279599.2,4742.84
/tier_data/cold_file_777.txt,0,1279598.77,16202.84
/tier_data/cold_file_778.txt,0,1279598.34,15542.84
/tier_data/cold_file_779.txt,0,1279598.31,10082.84
/tier_data/cold_file_780.txt,0,1279597.88,7382.84
/tier_data/cold_file_781.txt,0,1279597.44,4502.84
/tier_data/cold_file_782.txt,0,1279597.02,8582.84
/tier_data/cold_file_783.txt,0,1279596.99,7202.84
/tier_data/cold_file_784.txt,0,1279596.96,11822.84
/tier_data/cold_file_785.txt,0,1279596.94,8222.84
/tier_data/cold_file_786.txt,0,1279596.5,15062.84
/tier_data/cold_file_787.txt,0,1279596.07,13982.84
/tier_data/cold_file_788.txt,0,1279595.63,14042.84
/tier_data/cold_file_789.txt,0,1279595.61,14942.84
/tier_data/cold_file_790.txt,0,1279595.58,12002.84
/tier_data/cold_file_791.txt,0,1279595.56,17582.84
/tier_data/cold_file_792.txt,0,1279595.52,13922.84
/tier_data/cold_file_793.txt,0,1279595.09,17642.84
/tier_data/cold_file_794.txt,0,1279594.65,7502.84
/tier_data/cold_file_795.txt,0,1279594.62,11162.84
/tier_data/cold_file_796.txt,0,1279594.59,10742.84
/tier_data/cold_file_797.txt,0,1279594.57,9542.84
/tier_data/cold_file_798.txt,0,1279594.14,17342.84
/tier_data/cold_file_799.txt,0,1279594.11,13022.84
/tier_data/cold_file_800.txt,0,1279593.68,16382.84
/tier_data/cold_file_801.txt,0,1279593.63,16442.84
/tier_data/cold_file_802.txt,0,1279593.6,4922.84
/tier_data/cold_file_803.txt,0,1279593.57,4862.84
/tier_data/cold_file_804.txt,0,1279593.55,15962.84
/tier_data/cold_file_805.txt,0,1279593.12,17642.84
/tier_data/cold_file_806.txt,0,1279592.68,6122.84
/tier_data/cold_file_807.txt,0,1279592.25,16682.84
/tier_data/cold_file_808.txt,0,1279592.23,9182.84
/tier_data/cold_file_809.txt,0,1279592.2,7742.84
/tier_data/cold_file_810.txt,0,1279591.77,15722.84
/tier_data/cold_file_811.txt,0,1279591.34,5222.84
/tier_data/cold_file_812.txt,0,1279591.31,6782.84
/tier_data/cold_file_813.txt,0,1279591.29,16622.84
/tier_data/cold_file_814.txt,0,1279591.26,16982.84
/tier_data/cold_file_815.txt,0,1279590.83,8282.84
/tier_data/cold_file_816.txt,0,1279590.39,5042.84
/tier_data/cold_file_817.txt,0,1279590.36,14522.84
/tier_data/cold_file_818.txt,0,1279589.93,10142.84
/tier_data/cold_file_819.txt,0,1279589.49,18002.84
/tier_data/cold_file_820.txt,0,1279589.46,17582.84
/tier_data/cold_file_821.txt,0,1279589.44,9722.84
/tier_data/cold_file_822.txt,0,1279589.0,10862.84
/tier_data/cold_file_823.txt,0,1279588.57,8402.84
/tier_data/cold_file_824.txt,0,1279588.54,11882.84
/tier_data/cold_file_825.txt,0,1279588.11,16862.84
/tier_data/cold_file_826.txt,0,1279588.09,12662.84
/tier_data/cold_file_827.txt,0,1279587.66,15902.84
/tier_data/cold_file_828.txt,0,1279587.23,7742.84
/tier_data/cold_file_829.txt,0,1279586.79,17042.84
/tier_data/cold_file_830.txt,0,1279586.77,8522.84
/tier_data/cold_file_831.txt,0,1279586.34,8702.84
/tier_data/cold_file_832.txt,0,1279586.31,8162.84
/tier_data/cold_file_833.txt,0,1279585.88,14822.84
/tier_data/cold_file_834.txt,0,1279585.45,4082.84
/tier_data/cold_file_835.txt,0,1279585.02,17582.84
/tier_data/cold_file_836.txt,0,1279584.6,7142.84
/tier_data/cold_file_837.txt,0,1279584.17,4322.84
/tier_data/cold_file_838.txt,0,1279584.14,9842.84
/tier_data/cold_file_839.txt,0,1279584.12,14282.84
/tier_data/cold_file_840.txt,0,1279583.68,10382.84
/tier_data/cold_file_841.txt,0,1279583.66,17942.84
/tier_data/cold_file_842.txt,0,1279583.63,3962.84
/tier_data/cold_file_843.txt,0,1279583.2,11582.84
/tier_data/cold_file_844.txt,0,1279582.77,5342.84
/tier_data/cold_file_845.txt,0,1279582.34,9482.84
/tier_data/cold_file_846.txt,0,1279581.91,15002.84
/tier_data/cold_file_847.txt,0,1279581.88,9002.84
/tier_data/cold_file_848.txt,0,1279581.85,7502.84
/tier_data/cold_file_849.txt,0,1279581.42,3782.84
/tier_data/cold_file_850.txt,0,1279580.99,16802.84
/tier_data/cold_file_851.txt,0,1279580.97,16802.84
/tier_data/cold_file_852.txt,0,1279580.54,3782.84
/tier_data/cold_file_853.txt,0,1279580.52,12182.84
/tier_data/cold_file_854.txt,0,1279580.09,8462.84
/tier_data/cold_file_855.txt,0,1279579.65,9302.84
/tier_data/cold_file_856.txt,0,1279579.22,4802.84
/tier_data/cold_file_857.txt,0,1279579.19,4682.84
/tier_data/cold_file_858.txt,0,1279578.77,8642.84
/tier_data/cold_file_859.txt,0,1279578.34,4862.84
/tier_data/cold_file_860.txt,0,1279578.31,16262.84
/tier_data/cold_file_861.txt,0,1279578.28,11222.84
/tier_data/cold_file_862.txt,0,1279578.26,17642.84
/tier_data/cold_file_863.txt,0,1279578.23,12542.84
/tier_data/cold_file_864.txt,0,1279577.8,7982.84
/tier_data/cold_file_865.txt,0,1279577.36,17222.84
/tier_data/cold_file_866.txt,0,1279576.93,8042.84
/tier_data/cold_file_867.txt,0,1279576.5,10562.84
/tier_data/cold_file_868.txt,0,1279576.06,15722.84
/tier_data/cold_file_869.txt,0,1279575.63,13562.84
/tier_data/cold_file_870.txt,0,1279575.2,4742.84
/tier_data/cold_file_871.txt,0,1279574.76,10922.84
/tier_data/cold_file_872.txt,0,1279574.73,7862.84
/tier_data/cold_file_873.txt,0,1279574.3,9662.84
/tier_data/cold_file_874.txt,0,1279573.87,4022.84
/tier_data/cold_file_875.txt,0,1279573.84,10502.84
/tier_data/cold_file_876.txt,0,1279573.41,12242.84
/tier_data/cold_file_877.txt,0,1279573.38,13082.84
/tier_data/cold_file_878.txt,0,1279572.95,9122.84
/tier_data/cold_file_879.txt,0,1279572.52,16202.84
/tier_data/cold_file_880.txt,0,1279572.09,6782.84
/tier_data/cold_file_881.txt,0,1279571.66,10622.84
/tier_data/cold_file_882.txt,0,1279571.63,4922.84
/tier_data/cold_file_883.txt,0,1279571.6,13082.84
/tier_data/cold_file_884.txt,0,1279571.57,10742.84
/tier_data/cold_file_885.txt,0,1279571.55,4322.84
/tier_data/cold_file_886.txt,0,1279571.12,11222.84
/tier_data/cold_file_887.txt,0,1279571.09,13622.84
/tier_data/cold_file_888.txt,0,1279570.66,17522.84
/tier_data/cold_file_889.txt,0,1279570.63,11402.84
/tier_data/cold_file_890.txt,0,1279570.2,5582.84
/tier_data/cold_file_891.txt,0,1279570.17,15482.84
/tier_data/cold_file_892.txt,0,1279569.74,10142.84
/tier_data/cold_file_893.txt,0,1279569.71,16442.84
/tier_data/cold_file_894.txt,0,1279569.69,6302.84
/tier_data/cold_file_895.txt,0,1279569.26,13442.84
/tier_data/cold_file_896.txt,0,1279569.22,4862.84
/tier_data/cold_file_897.txt,0,1279568.78,15542.84
/tier_data/cold_file_898.txt,0,1279568.35,10022.84
/tier_data/cold_file_899.txt,0,1279567.91,9182.84
/tier_data/cold_file_900.txt,0,1279567.48,3602.84
/tier_data/cold_file_901.txt,0,1279567.46,6902.84
/tier_data/cold_file_902.txt,0,1279567.43,6302.84
/tier_data/cold_file_903.txt,0,1279567.0,7022.84
/tier_data/cold_file_904.txt,0,1279566.57,5162.84
/tier_data/cold_file_905.txt,0,1279566.13,5582.84
/tier_data/cold_file_906.txt,0,1279566.11,4802.84
/tier_data/cold_file_907.txt,0,1279566.08,13082.84
/tier_data/cold_file_908.txt,0,1279565.65,6182.84
/tier_data/cold_file_909.txt,0,1279565.62,9662.84
/tier_data/cold_file_910.txt,0,1279565.19,16802.84
/tier_data/cold_file_911.txt,0,1279564.76,10202.84
/tier_data/cold_file_912.txt,0,1279564.33,17222.84
/tier_data/cold_file_913.txt,0,1279564.3,8762.84
/tier_data/cold_file_914.txt,0,1279563.88,9002.84
/tier_data/cold_file_915.txt,0,1279563.45,9062.84
/tier_data/cold_file_916.txt,0,1279563.42,8522.84
/tier_data/cold_file_917.txt,0,1279562.99,17702.84
/tier_data/cold_file_918.txt,0,1279562.56,10502.84
/tier_data/cold_file_919.txt,0,1279562.13,13802.84
/tier_data/cold_file_920.txt,0,1279562.1,15902.84
/tier_data/cold_file_921.txt,0,1279562.08,10502.84
/tier_data/cold_file_922.txt,0,1279561.64,13502.84
/tier_data/cold_file_923.txt,0,1279561.21,9482.84
/tier_data/cold_file_924.txt,0,1279560.78,7142.84
/tier_data/cold_file_925.txt,0,1279560.35,8822.84
/tier_data/cold_file_926.txt,0,1279560.32,5222.84
/tier_data/cold_file_927.txt,0,1279560.3,6602.84
/tier_data/cold_file_928.txt,0,1279560.27,16442.84
/tier_data/cold_file_929.txt,0,1279559.84,10862.84
/tier_data/cold_file_930.txt,0,1279559.41,15182.84
/tier_data/cold_file_931.txt,0,1279558.98,8702.84
/tier_data/cold_file_932.txt,0,1279558.54,12122.84
/tier_data/cold_file_933.txt,0,1279558.11,12602.84
/tier_data/cold_file_934.txt,0,1279557.68,8762.84
/tier_data/cold_file_935.txt,0,1279557.25,8402.84
/tier_data/cold_file_936.txt,0,1279556.82,17282.84
/tier_data/cold_file_937.txt,0,1279556.39,4622.84
/tier_data/cold_file_938.txt,0,1279556.36,13382.84
/tier_data/cold_file_939.txt,0,1279555.93,5342.84
/tier_data/cold_file_940.txt,0,1279555.5,16442.84
/tier_data/cold_file_941.txt,0,1279555.07,18002.84
/tier_data/cold_file_942.txt,0,1279555.04,7142.84
/tier_data/cold_file_943.txt,0,1279555.01,13262.84
/tier_data/cold_file_944.txt,0,1279554.58,5822.84
/tier_data/cold_file_945.txt,0,1279554.15,6002.84
/tier_data/cold_file_946.txt,0,1279553.72,11102.84
/tier_data/cold_file_947.txt,0,1279553.29,7802.84
/tier_data/cold_file_948.txt,0,1279552.85,10142.84
/tier_data/cold_file_949.txt,0,1279552.4,8822.84
/tier_data/cold_file_950.txt,0,1279551.95,9362.84
/tier_data/cold_file_951.txt,0,1279551.53,17582.84
/tier_data/cold_file_952.txt,0,1279551.5,5522.84
/tier_data/cold_file_953.txt,0,1279551.47,8822.84
/tier_data/cold_file_954.txt,0,1279551.45,8402.84
/tier_data/cold_file_955.txt,0,1279551.02,11642.84
/tier_data/cold_file_956.txt,0,1279550.59,12002.84
/tier_data/cold_file_957.txt,0,1279550.15,15722.84
/tier_data/cold_file_958.txt,0,1279549.72,15002.84
/tier_data/cold_file_959.txt,0,1279549.28,3962.84
/tier_data/cold_file_960.txt,0,1279549.26,11582.84
/tier_data/cold_file_961.txt,0,1279548.83,16202.84
/tier_data/cold_file_962.txt,0,1279548.39,11042.84
/tier_data/cold_file_963.txt,0,1279547.96,11282.84
/tier_data/cold_file_964.txt,0,1279547.53,7742.84
/tier_data/cold_file_965.txt,0,1279547.1,11702.84
/tier_data/cold_file_966.txt,0,1279547.08,4982.84
/tier_data/cold_file_967.txt,0,1279546.65,15542.84
/tier_data/cold_file_968.txt,0,1279546.62,8102.84
/tier_data/cold_file_969.txt,0,1279546.19,12842.84
/tier_data/cold_file_970.txt,0,1279546.17,14042.84
/tier_data/cold_file_971.txt,0,1279545.74,13982.84
/tier_data/cold_file_972.txt,0,1279545.31,6242.84
/tier_data/cold_file_973.txt,0,1279544.89,13682.84
/tier_data/cold_file_974.txt,0,1279544.45,4922.84
/tier_data/cold_file_975.txt,0,1279544.43,13082.84
/tier_data/cold_file_976.txt,0,1279544.4,13322.84
/tier_data/cold_file_977.txt,0,1279544.38,11342.84
/tier_data/cold_file_978.txt,0,1279543.95,15482.84
/tier_data/cold_file_979.txt,0,1279543.93,14942.84
/tier_data/cold_file_980.txt,0,1279543.9,8222.84
/tier_data/cold_file_981.txt,0,1279543.88,16202.84
/tier_data/cold_file_982.txt,0,1279543.45,9422.84
/tier_data/cold_file_983.txt,0,1279543.42,4022.84
/tier_data/cold_file_984.txt,0,1279542.99,5162.84
/tier_data/cold_file_985.txt,0,1279542.56,4502.84
/tier_data/cold_file_986.txt,0,1279542.54,7502.84
/tier_data/cold_file_987.txt,0,1279542.1,3842.84
/tier_data/cold_file_988.txt,0,1279541.67,14222.84
/tier_data/cold_file_989.txt,0,1279541.64,11522.84
/tier_data/cold_file_990.txt,0,1279541.21,6062.84
/tier_data/cold_file_991.txt,0,1279541.19,12362.84
/tier_data/cold_file_992.txt,0,1279540.76,10922.84
/tier_data/cold_file_993.txt,0,1279540.73,11702.84
/tier_data/cold_file_994.txt,0,1279540.3,14102.84
/tier_data/cold_file_995.txt,0,1279539.87,16262.84
/tier_data/cold_file_996.txt,0,1279539.44,14102.84
/tier_data/cold_file_997.txt,0,1279539.0,12122.84
/tier_data/cold_file_998.txt,0,1279538.57,7022.84
/tier_data/cold_file_999.txt,0,1279538.55,7982.84
/tier_data/hot_file_100.txt,99,602.84,10082.84
/tier_data/hot_file_101.txt,103,1082.84,12182.84
/tier_data/hot_file_102.txt,110,122.84,14102.84
/tier_data/hot_file_103.txt,105,1442.84,4142.84
/tier_data/hot_file_104.txt,100,1862.84,10202.84
/tier_data/hot_file_105.txt,94,1442.84,11642.84
/tier_data/hot_file_106.txt,105,1982.84,17342.84
/tier_data/hot_file_107.txt,92,542.84,17222.84
/tier_data/hot_file_108.txt,104,1082.84,13622.84
/tier_data/hot_file_109.txt,115,2822.84,13862.84
/tier_data/hot_file_110.txt,118,302.84,3662.84
/tier_data/hot_file_111.txt,96,2342.84,17102.84
/tier_data/hot_file_112.txt,102,2582.84,8042.84
/tier_data/hot_file_113.txt,104,1202.84,13382.84
/tier_data/hot_file_114.txt,124,842.84,9002.84
/tier_data/hot_file_115.txt,108,362.84,16262.84
/tier_data/hot_file_116.txt,90,2462.84,11462.84
/tier_data/hot_file_117.txt,89,1922.84,4382.84
/tier_data/hot_file_118.txt,103,62.84,7142.84
/tier_data/hot_file_119.txt,93,2162.84,7082.84
/tier_data/hot_file_120.txt,119,2582.84,11162.84
/tier_data/hot_file_121.txt,112,302.84,14162.84
/tier_data/hot_file_122.txt,109,2282.84,5882.84
/tier_data/hot_file_123.txt,111,1982.84,9122.84
/tier_data/hot_file_124.txt,97,2582.84,7922.84
/tier_data/hot_file_125.txt,93,2762.84,11642.84
/tier_data/hot_file_126.txt,115,542.84,14042.84
/tier_data/hot_file_127.txt,98,62.84,11822.84
/tier_data/hot_file_128.txt,95,2702.84,6362.84
/tier_data/hot_file_129.txt,104,542.84,17222.84
/tier_data/hot_file_130.txt,109,542.84,17282.84
/tier_data/hot_file_131.txt,110,782.84,14162.84
/tier_data/hot_file_132.txt,100,782.84,16982.84
/tier_data/hot_file_133.txt,104,1802.84,11462.84
/tier_data/hot_file_134.txt,104,482.84,11522.84
/tier_data/hot_file_135.txt,89,902.84,8762.84
/tier_data/hot_file_136.txt,97,2942.84,14042.84
/tier_data/hot_file_137.txt,106,1562.84,7802.84
/tier_data/hot_file_138.txt,87,1802.84,4982.84
/tier_data/hot_file_139.txt,101,242.84,10982.84
/tier_data/hot_file_140.txt,96,1922.84,5582.84
/tier_data/hot_file_141.txt,114,3002.84,5642.84
/tier_data/hot_file_142.txt,110,542.84,6002.84
/tier_data/hot_file_143.txt,110,122.84,14402.84
/tier_data/hot_file_144.txt,110,2942.84,12902.84
/tier_data/hot_file_145.txt,109,302.84,18002.84
/tier_data/hot_file_146.txt,92,962.84,7982.84
/tier_data/hot_file_147.txt,105,2462.84,5762.84
/tier_data/hot_file_148.txt,101,2882.84,16322.84
/tier_data/hot_file_149.txt,95,2822.84,15962.84
/tier_data/hot_file_150.txt,113,1922.84,10322.84
/tier_data/hot_file_151.txt,99,602.84,14402.84
/tier_data/hot_file_152.txt,107,1682.84,5582.84
/tier_data/hot_file_153.txt,86,362.84,12422.84
/tier_data/hot_file_154.txt,92,2402.84,12422.84
/tier_data/hot_file_155.txt,105,362.84,5942.84
/tier_data/hot_file_156.txt,123,2942.84,17882.84
/tier_data/hot_file_157.txt,112,62.84,3842.84
/tier_data/hot_file_158.txt,90,3002.84,12602.84
/tier_data/hot_file_159.txt,100,1862.84,14522.84
/tier_data/hot_file_160.txt,99,1682.84,14702.84
/tier_data/hot_file_161.txt,118,2282.84,8822.84
/tier_data/hot_file_162.txt,101,62.84,14162.84
/tier_data/hot_file_163.txt,102,1322.84,15182.84
/tier_data/hot_file_164.txt,115,2282.84,16802.84
/tier_data/hot_file_165.txt,97,1742.84,12902.84
/tier_data/hot_file_166.txt,98,2402.84,11702.84
/tier_data/hot_file_167.txt,108,302.84,16622.84
/tier_data/hot_file_168.txt,115,1322.84,7742.84
/tier_data/hot_file_169.txt,101,1922.84,17642.84
/tier_data/hot_file_170.txt,93,2702.84,16442.84
/tier_data/hot_file_171.txt,99,1922.84,7262.84
/tier_data/hot_file_172.txt,114,2042.84,3842.84
/tier_data/hot_file_173.txt,107,2342.84,11042.84
/tier_data/hot_file_174.txt,117,482.84,15542.84
/tier_data/hot_file_175.txt,106,122.84,8462.84
/tier_data/hot_file_176.txt,108,1202.84,14882.84
/tier_data/hot_file_177.txt,118,902.84,7502.84
/tier_data/hot_file_178.txt,110,1082.84,8822.84
/tier_data/hot_file_179.txt,84,962.84,4082.84
/tier_data/hot_file_180.txt,105,2522.84,7442.84
/tier_data/hot_file_181.txt,117,1382.84,12122.84
/tier_data/hot_file_182.txt,80,2762.84,12782.84
/tier_data/hot_file_183.txt,96,1682.84,4682.84
/tier_data/hot_file_184.txt,108,902.84,7022.84
/tier_data/hot_file_185.txt,107,2642.84,13082.84
/tier_data/hot_file_186.txt,93,722.84,5102.84
/tier_data/hot_file_187.txt,102,1142.84,16262.84
/tier_data/hot_file_188.txt,88,2042.84,6842.84
/tier_data/hot_file_189.txt,94,122.84,17822.84
/tier_data/hot_file_190.txt,105,1202.84,17162.84
/tier_data/hot_file_191.txt,111,542.84,10682.84
/tier_data/hot_file_192.txt,99,2042.84,5522.84
/tier_data/hot_file_193.txt,95,2522.84,16082.84
/tier_data/hot_file_194.txt,101,662.84,13742.84
/tier_data/hot_file_195.txt,109,2702.84,6902.84
/tier_data/hot_file_196.txt,89,1682.84,9182.84
/tier_data/hot_file_197.txt,113,2702.84,14702.84
/tier_data/hot_file_198.txt,93,602.84,12782.84
/tier_data/hot_file_199.txt,106,1022.84,12422.84
/tier_data/hot_file_200.txt,101,2582.84,6122.84
/tier_data/hot_file_35.txt,102,302.84,13382.84
/tier_data/hot_file_36.txt,98,782.84,6122.84
/tier_data/hot_file_37.txt,112,2882.84,11642.84
/tier_data/hot_file_38.txt,118,722.84,4202.84
/tier_data/hot_file_39.txt,105,1682.84,4562.84
/tier_data/hot_file_40.txt,85,2522.84,10082.84
/tier_data/hot_file_41.txt,107,2762.84,14222.84
/tier_data/hot_file_42.txt,90,782.84,14282.84
/tier_data/hot_file_43.txt,124,1382.84,7382.84
/tier_data/hot_file_44.txt,93,1742.84,15902.84
/tier_data/hot_file_45.txt,96,1322.84,8462.84
/tier_data/hot_file_46.txt,88,842.84,14462.84
/tier_data/hot_file_47.txt,96,122.84,11462.84
/tier_data/hot_file_48.txt,102,3002.84,4742.84
/tier_data/hot_file_49.txt,106,1082.84,15902.84
/tier_data/hot_file_50.txt,97,842.84,15602.84
/tier_data/hot_file_51.txt,127,2402.84,17342.84
/tier_data/hot_file_52.txt,109,2882.84,10262.84
/tier_data/hot_file_53.txt,102,1082.84,11762.84
/tier_data/hot_file_54.txt,101,1202.84,9722.84
/tier_data/hot_file_55.txt,88,542.84,12182.84
/tier_data/hot_file_56.txt,97,2822.84,5702.84
/tier_data/hot_file_57.txt,112,842.84,15842.84
/tier_data/hot_file_58.txt,118,2282.84,4142.84
/tier_data/hot_file_59.txt,102,1742.84,14642.84
/tier_data/hot_file_60.txt,97,842.84,15362.84
/tier_data/hot_file_61.txt,116,2402.84,17702.84
/tier_data/hot_file_62.txt,120,62.84,7802.84
/tier_data/hot_file_63.txt,111,2342.84,14942.84
/tier_data/hot_file_64.txt,109,482.84,11402.84
/tier_data/hot_file_65.txt,97,1802.84,9842.84
/tier_data/hot_file_66.txt,112,962.84,12902.84
/tier_data/hot_file_67.txt,98,1982.84,7502.84
/tier_data/hot_file_68.txt,98,2942.84,15662.84
/tier_data/hot_file_69.txt,95,782.84,13982.84
/tier_data/hot_file_70.txt,102,1502.84,6902.84
/tier_data/hot_file_71.txt,118,362.84,8042.84
/tier_data/hot_file_72.txt,110,2282.84,6842.84
/tier_data/hot_file_73.txt,99,722.84,12962.84
/tier_data/hot_file_74.txt,109,1562.84,3722.84
/tier_data/hot_file_75.txt,116,1322.84,17822.84
/tier_data/hot_file_76.txt,80,1682.84,8282.84
/tier_data/hot_file_77.txt,125,2942.84,13502.84
/tier_data/hot_file_78.txt,108,662.84,7682.84
/tier_data/hot_file_79.txt,121,2222.84,16202.84
/tier_data/hot_file_80.txt,107,1922.84,16922.84
/tier_data/hot_file_81.txt,100,422.84,4862.84
/tier_data/hot_file_82.txt,117,1622.84,9962.84
/tier_data/hot_file_83.txt,101,2522.84,13442.84
/tier_data/hot_file_84.txt,107,2642.84,3722.84
/tier_data/hot_file_85.txt,117,842.84,4142.84
/tier_data/hot_file_86.txt,98,242.84,6662.84
/tier_data/hot_file_87.txt,105,1202.84,7742.84
/tier_data/hot_file_88.txt,102,2762.84,16262.84
/tier_data/hot_file_89.txt,107,1022.84,14762.84
/tier_data/hot_file_90.txt,101,1862.84,7562.84
/tier_data/hot_file_91.txt,112,2162.84,8942.84
/tier_data/hot_file_92.txt,112,362.84,8222.84
/tier_data/hot_file_93.txt,108,422.84,12122.84
/tier_data/hot_file_94.txt,110,482.84,6662.84
/tier_data/hot_file_95.txt,113,422.84,4202.84
/tier_data/hot_file_96.txt,112,482.84,6782.84
/tier_data/hot_file_97.txt,107,1442.84,9302.84
/tier_data/hot_file_98.txt,105,2222.84,9002.84
/tier_data/hot_file_99.txt,112,2222.84,9602.84
/tier_data/warm_file_201.txt,27,662.84,9182.84
/tier_data/warm_file_202.txt,32,2462.84,9182.84
/tier_data/warm_file_203.txt,35,782.84,12242.84
/tier_data/warm_file_204.txt,24,782.84,13862.84
/tier_data/warm_file_205.txt,26,1502.84,5102.84
/tier_data/warm_file_206.txt,29,2702.84,12302.84
/tier_data/warm_file_207.txt,30,2582.84,4502.84
/tier_data/warm_file_208.txt,38,1922.84,17522.84
/tier_data/warm_file_209.txt,32,842.84,17402.84
/tier_data/warm_file_210.txt,29,1622.84,13022.84
/tier_data/warm_file_211.txt,28,1442.84,4502.84
/tier_data/warm_file_212.txt,21,422.84,12662.84
/tier_data/warm_file_213.txt,30,2522.84,9722.84
/tier_data/warm_file_214.txt,31,242.84,5402.84
/tier_data/warm_file_215.txt,34,1442.84,9722.84
/tier_data/warm_file_216.txt,28,1622.84,6722.84
/tier_data/warm_file_217.txt,28,62.84,6122.84
/tier_data/warm_file_218.txt,29,2402.84,11282.84
/tier_data/warm_file_219.txt,28,542.84,6062.84
/tier_data/warm_file_220.txt,39,1382.84,9362.84
/tier_data/warm_file_221.txt,34,1562.84,10682.84
/tier_data/warm_file_222.txt,32,2522.84,8582.84
/tier_data/warm_file_223.txt,34,2342.84,10502.84
/tier_data/warm_file_224.txt,31,1262.84,5582.84
/tier_data/warm_file_225.txt,42,1862.84,17942.84
/tier_data/warm_file_226.txt,25,542.84,5222.84
/tier_data/warm_file_227.txt,25,2162.84,10382.84
/tier_data/warm_file_228.txt,23,422.84,10382.84
/tier_data/warm_file_229.txt,21,242.84,13202.84
/tier_data/warm_file_230.txt,26,902.84,5822.84
/tier_data/warm_file_231.txt,34,542.84,10262.84
/tier_data/warm_file_232.txt,27,122.84,6722.84
/tier_data/warm_file_233.txt,27,2822.84,16562.84
/tier_data/warm_file_234.txt,28,2462.84,7982.84
/tier_data/warm_file_235.txt,19,1622.84,7142.84
/tier_data/warm_file_236.txt,31,782.84,10922.84
/tier_data/warm_file_237.txt,27,422.84,9242.84
/tier_data/warm_file_238.txt,32,662.84,6182.84
/tier_data/warm_file_239.txt,42,482.84,12722.84
/tier_data/warm_file_240.txt,26,2102.84,15722.84
/tier_data/warm_file_241.txt,23,1382.84,16802.84
/tier_data/warm_file_242.txt,28,1682.84,5702.84
/tier_data/warm_file_243.txt,29,2642.84,7502.84
/tier_data/warm_file_244.txt,39,1262.84,17942.84
/tier_data/warm_file_245.txt,22,482.84,13022.84
/tier_data/warm_file_246.txt,29,2642.84,16562.84
/tier_data/warm_file_247.txt,28,722.84,7082.84
/tier_data/warm_file_248.txt,34,1982.84,5342.84
/tier_data/warm_file_249.txt,29,122.84,3722.84
/tier_data/warm_file_250.txt,29,1622.84,13082.84
/tier_data/warm_file_251.txt,39,2102.84,9062.84
/tier_data/warm_file_252.txt,35,2222.84,15902.84
/tier_data/warm_file_253.txt,39,722.84,12422.84
/tier_data/warm_file_254.txt,28,1982.84,15062.84
/tier_data/warm_file_255.txt,27,302.84,10502.84
/tier_data/warm_file_256.txt,29,242.84,15062.84
/tier_data/warm_file_257.txt,24,2162.84,8042.84
/tier_data/warm_file_258.txt,30,2762.84,16502.84
/tier_data/warm_file_259.txt,23,902.84,17102.84
/tier_data/warm_file_260.txt,36,242.84,10322.84
/tier_data/warm_file_261.txt,39,2822.84,13022.84
/tier_data/warm_file_262.txt,26,1322.84,12482.84
/tier_data/warm_file_263.txt,31,1142.84,5162.84
/tier_data/warm_file_264.txt,30,1862.84,10862.84
/tier_data/warm_file_265.txt,35,2342.84,11402.84
/tier_data/warm_file_266.txt,25,1502.84,7922.84
/tier_data/warm_file_267.txt,32,2942.84,17342.84
/tier_data/warm_file_268.txt,24,2582.84,17642.84
/tier_data/warm_file_269.txt,33,2462.84,9302.84
/tier_data/warm_file_270.txt,38,2462.84,4862.84
/tier_data/warm_file_271.txt,29,542.84,17942.84
/tier_data/warm_file_272.txt,35,2642.84,7382.84
/tier_data/warm_file_273.txt,34,1262.84,16862.84
/tier_data/warm_file_274.txt,34,1082.84,7562.84
/tier_data/warm_file_275.txt,31,1322.84,17942.84
/tier_data/warm_file_276.txt,24,2102.84,12422.84
/tier_data/warm_file_277.txt,22,2342.84,17282.84
/tier_data/warm_file_278.txt,30,2582.84,8702.84
/tier_data/warm_file_279.txt,18,2342.84,9782.84
/tier_data/warm_file_280.txt,28,2942.84,16742.84
/tier_data/warm_file_281.txt,34,182.84,9362.84
/tier_data/warm_file_282.txt,31,2222.84,15902.84
/tier_data/warm_file_283.txt,32,1142.84,8582.84
/tier_data/warm_file_284.txt,31,722.84,10742.84
/tier_data/warm_file_285.txt,30,182.84,3842.84
/tier_data/warm_file_286.txt,30,2762.84,16442.84
/tier_data/warm_file_287.txt,24,1022.84,7022.84
/tier_data/warm_file_288.txt,34,2342.84,3782.84
/tier_data/warm_file_289.txt,31,3002.84,14162.84
/tier_data/warm_file_290.txt,31,62.84,13682.84
/tier_data/warm_file_291.txt,26,182.84,9422.84
/tier_data/warm_file_292.txt,34,1322.84,15062.84
/tier_data/warm_file_293.txt,34,662.84,17942.84
/tier_data/warm_file_294.txt,36,2522.84,17882.84
/tier_data/warm_file_295.txt,25,1022.84,8282.84
/tier_data/warm_file_296.txt,21,662.84,17162.84
/tier_data/warm_file_297.txt,31,2642.84,15002.84
/tier_data/warm_file_298.txt,35,2702.84,8882.84
/tier_data/warm_file_299.txt,24,2342.84,10262.84
/tier_data/warm_file_300.txt,31,2702.84,7022.84
/tier_data/warm_file_301.txt,31,602.84,12662.84
/tier_data/warm_file_302.txt,27,2222.84,18002.84
/tier_data/warm_file_303.txt,37,2822.84,9962.84
/tier_data/warm_file_304.txt,38,182.84,9542.84
/tier_data/warm_file_305.txt,22,3002.84,8282.84
/tier_data/warm_file_306.txt,34,1742.84,15242.84
/tier_data/warm_file_307.txt,26,2582.84,12782.84
/tier_data/warm_file_308.txt,28,542.84,10982.84
/tier_data/warm_file_309.txt,31,2762.84,13442.84
/tier_data/warm_file_310.txt,26,482.84,16862.84
/tier_data/warm_file_311.txt,35,1802.84,16262.84
/tier_data/warm_file_312.txt,31,722.84,10622.84
/tier_data/warm_file_313.txt,31,242.84,9002.84
/tier_data/warm_file_314.txt,36,2102.84,12122.84
/tier_data/warm_file_315.txt,31,962.84,6902.84
/tier_data/warm_file_316.txt,31,1862.84,17882.84
/tier_data/warm_file_317.txt,28,1142.84,12782.84
/tier_data/warm_file_318.txt,33,2462.84,13742.84
/tier_data/warm_file_319.txt,32,1742.84,10022.84
/tier_data/warm_file_320.txt,31,1682.84,16502.84
/tier_data/warm_file_321.txt,24,1502.84,14402.84
/tier_data/warm_file_322.txt,23,1142.84,13382.84
/tier_data/warm_file_323.txt,26,1502.84,16922.84
/tier_data/warm_file_324.txt,31,2522.84,9842.84
/tier_data/warm_file_325.txt,36,3002.84,6182.84
/tier_data/warm_file_326.txt,39,2102.84,7742.84
/tier_data/warm_file_327.txt,23,422.84,8402.84
/tier_data/warm_file_328.txt,30,2582.84,13802.84
/tier_data/warm_file_329.txt,35,962.84,13022.84
/tier_data/warm_file_330.txt,29,1802.84,4082.84
/tier_data/warm_file_331.txt,26,62.84,5582.84
/tier_data/warm_file_332.txt,41,422.84,13862.84
/tier_data/warm_file_333.txt,31,182.84,11762.84
/tier_data/warm_file_334.txt,32,1442.84,10022.84
/tier_data/warm_file_335.txt,37,1682.84,12182.84
/tier_data/warm_file_336.txt,25,1442.84,8222.84
/tier_data/warm_file_337.txt,31,1322.84,13082.84
/tier_data/warm_file_338.txt,31,1562.84,5462.84
/tier_data/warm_file_339.txt,35,2762.84,10742.84
/tier_data/warm_file_340.txt,29,242.84,15542.84
/tier_data/warm_file_341.txt,37,782.84,8822.84
/tier_data/warm_file_342.txt,36,1142.84,15362.84
/tier_data/warm_file_343.txt,26,2642.84,6242.84
/tier_data/warm_file_344.txt,29,1502.84,8102.84
/tier_data/warm_file_345.txt,39,2042.84,7622.84
/tier_data/warm_file_346.txt,32,1682.84,15842.84
/tier_data/warm_file_347.txt,37,2462.84,9542.84
/tier_data/warm_file_348.txt,33,542.84,16742.84
/tier_data/warm_file_349.txt,30,422.84,7262.84
/tier_data/warm_file_350.txt,31,2762.84,15722.84
/tier_data/warm_file_351.txt,25,2282.84,16502.84
/tier_data/warm_file_352.txt,33,122.84,5162.84
/tier_data/warm_file_353.txt,22,722.84,17042.84
/tier_data/warm_file_354.txt,25,2642.84,8402.84
/tier_data/warm_file_355.txt,26,2402.84,12662.84
/tier_data/warm_file_356.txt,24,2942.84,17402.84
/tier_data/warm_file_357.txt,32,1022.84,12482.84
/tier_data/warm_file_358.txt,27,2222.84,9902.84
/tier_data/warm_file_359.txt,29,1202.84,8282.84
/tier_data/warm_file_360.txt,25,362.84,8402.84
/tier_data/warm_file_361.txt,30,1442.84,12182.84
/tier_data/warm_file_362.txt,38,2942.84,8402.84
/tier_data/warm_file_363.txt,31,1202.84,10862.84
/tier_data/warm_file_364.txt,32,302.84,4622.84
/tier_data/warm_file_365.txt,35,542.84,16322.84
/tier_data/warm_file_366.txt,28,1322.84,16142.84
/tier_data/warm_file_367.txt,25,2822.84,10742.84
/tier_data/warm_file_368.txt,36,1262.84,15242.84
/tier_data/warm_file_369.txt,25,2942.84,8582.84
/tier_data/warm_file_370.txt,30,362.84,15782.84
/tier_data/warm_file_371.txt,30,2342.84,16262.84
/tier_data/warm_file_372.txt,37,842.84,17042.84
/tier_data/warm_file_373.txt,26,1622.84,17642.84
/tier_data/warm_file_374.txt,30,542.84,4802.84
/tier_data/warm_file_375.txt,29,1502.84,17282.84
/tier_data/warm_file_376.txt,27,302.84,17642.84
/tier_data/warm_file_377.txt,22,302.84,11882.84
/tier_data/warm_file_378.txt,23,1862.84,12122.84
/tier_data/warm_file_379.txt,31,182.84,12782.84
/tier_data/warm_file_380.txt,23,2222.84,15842.84
/tier_data/warm_file_381.txt,34,542.84,15962.84
/tier_data/warm_file_382.txt,31,1202.84,6062.84
/tier_data/warm_file_383.txt,28,782.84,6542.84
/tier_data/warm_file_384.txt,33,2522.84,9962.84
/tier_data/warm_file_385.txt,36,2582.84,4802.84
/tier_data/warm_file_386.txt,31,1142.84,7262.84
/tier_data/warm_file_387.txt,27,1562.84,6302.84
/tier_data/warm_file_388.txt,29,1742.84,11762.84
/tier_data/warm_file_389.txt,26,242.84,17882.84
/tier_data/warm_file_390.txt,32,2522.84,7982.84
/tier_data/warm_file_391.txt,33,722.84,17402.84
/tier_data/warm_file_392.txt,32,1862.84,7442.84
/tier_data/warm_file_393.txt,39,362.84,14822.84
/tier_data/warm_file_394.txt,26,1802.84,10142.84
/tier_data/warm_file_395.txt,29,62.84,14342.84
/tier_data/warm_file_396.txt,30,1202.84,8582.84
/tier_data/warm_file_397.txt,28,422.84,17222.84
/tier_data/warm_file_398.txt,27,2102.84,16922.84
/tier_data/warm_file_399.txt,29,2642.84,7502.84
/tier_data/warm_file_400.txt,30,1562.84,6182.84
/tier_data/warm_file_401.txt,30,1262.84,8762.84
/tier_data/warm_file_402.txt,26,2882.84,4502.84
/tier_data/warm_file_403.txt,23,1142.84,17222.84
/tier_data/warm_file_404.txt,20,2882.84,13442.84
/tier_data/warm_file_405.txt,26,362.84,3662.84
/tier_data/warm_file_406.txt,36,722.84,14702.84
/tier_data/warm_file_407.txt,39,2642.84,4802.84
/tier_data/warm_file_408.txt,27,2102.84,6902.84
/tier_data/warm_file_409.txt,38,2522.84,7382.84
/tier_data/warm_file_410.txt,28,1022.84,3902.84
/tier_data/warm_file_411.txt,33,2522.84,10382.84
/tier_data/warm_file_412.txt,37,2282.84,4142.84
/tier_data/warm_file_413.txt,39,1502.84,5822.84
/tier_data/warm_file_414.txt,27,1322.84,13202.84
/tier_data/warm_file_415.txt,38,122.84,4982.84
/tier_data/warm_file_416.txt,26,2462.84,16742.84
/tier_data/warm_file_417.txt,24,3002.84,14282.84
/tier_data/warm_file_418.txt,33,2162.84,13622.84
/tier_data/warm_file_419.txt,34,1922.84,13502.84
/tier_data/warm_file_420.txt,26,542.84,10202.84
/tier_data/warm_file_421.txt,38,962.84,7142.84
/tier_data/warm_file_422.txt,26,2522.84,9902.84
/tier_data/warm_file_423.txt,20,1382.84,12182.84
/tier_data/warm_file_424.txt,35,62.84,11702.84
/tier_data/warm_file_425.txt,30,1082.84,8102.84
/tier_data/warm_file_426.txt,35,182.84,12782.84
/tier_data/warm_file_427.txt,35,722.84,8222.84
/tier_data/warm_file_428.txt,42,2642.84,9602.84
/tier_data/warm_file_429.txt,28,2222.84,15722.84
/tier_data/warm_file_430.txt,32,1622.84,11642.84
/tier_data/warm_file_431.txt,26,242.84,17702.84
/tier_data/warm_file_432.txt,29,1922.84,10982.84
/tier_data/warm_file_433.txt,38,2162.84,12482.84
/tier_data/warm_file_434.txt,35,902.84,8702.84
/tier_data/warm_file_435.txt,29,1382.84,16682.84
/tier_data/warm_file_436.txt,24,902.84,16742.84
/tier_data/warm_file_437.txt,33,1922.84,6302.84
/tier_data/warm_file_438.txt,23,2882.84,15002.84
/tier_data/warm_file_439.txt,30,1562.84,6422.84
/tier_data/warm_file_440.txt,21,1142.84,4082.84
/tier_data/warm_file_441.txt,27,2702.84,9482.84
/tier_data/warm_file_442.txt,32,782.84,10442.84
/tier_data/warm_file_443.txt,32,1142.84,14282.84
/tier_data/warm_file_444.txt,34,362.84,11042.84
/tier_data/warm_file_445.txt,32,1202.84,4682.84
/tier_data/warm_file_446.txt,35,302.84,9902.84
/tier_data/warm_file_447.txt,29,2582.84,15902.84
/tier_data/warm_file_448.txt,22,1262.84,3722.84
/tier_data/warm_file_449.txt,30,422.84,13502.84
/tier_data/warm_file_450.txt,33,902.84,17522.84
/tier_data/warm_file_451.txt,26,782.84,15542.84
/tier_data/warm_file_452.txt,30,1322.84,6902.84
/tier_data/warm_file_453.txt,30,2102.84,15002.84
/tier_data/warm_file_454.txt,32,2462.84,6662.84
/tier_data/warm_file_455.txt,27,2102.84,9782.84
/tier_data/warm_file_456.txt,27,1022.84,10142.84
/tier_data/warm_file_457.txt,22,2702.84,17942.84
/tier_data/warm_file_458.txt,27,1142.84,16562.84
/tier_data/warm_file_459.txt,27,2402.84,16562.84
/tier_data/warm_file_460.txt,32,3002.84,16922.84
/tier_data/warm_file_461.txt,24,1982.84,14282.84
/tier_data/warm_file_462.txt,25,2822.84,6962.84
/tier_data/warm_file_463.txt,30,2942.84,12482.84
/tier_data/warm_file_464.txt,36,1742.84,14462.84
/tier_data/warm_file_465.txt,31,1622.84,4562.84
/tier_data/warm_file_466.txt,30,1262.84,14462.84
/tier_data/warm_file_467.txt,28,302.84,6902.84
/tier_data/warm_file_468.txt,31,2762.84,13682.84
/tier_data/warm_file_469.txt,31,2582.84,16202.84
/tier_data/warm_file_470.txt,33,1022.84,18002.84
/tier_data/warm_file_471.txt,23,1802.84,3662.84
/tier_data/warm_file_472.txt,19,1142.84,12902.84
/tier_data/warm_file_473.txt,31,902.84,7562.84
/tier_data/warm_file_474.txt,37,2642.84,14222.84
/tier_data/warm_file_475.txt,36,1562.84,17522.84
/tier_data/warm_file_476.txt,24,1622.84,13922.84
/tier_data/warm_file_477.txt,25,302.84,9422.84
/tier_data/warm_file_478.txt,40,1022.84,16142.84
/tier_data/warm_file_479.txt,28,1202.84,11702.84
/tier_data/warm_file_480.txt,30,2522.84,4202.84
/tier_data/warm_file_481.txt,30,2102.84,4262.84
/tier_data/warm_file_482.txt,30,1142.84,7922.84
/tier_data/warm_file_483.txt,30,2582.84,15062.84
/tier_data/warm_file_484.txt,25,962.84,11582.84
/tier_data/warm_file_485.txt,27,1022.84,5822.84
/tier_data/warm_file_486.txt,27,902.84,14222.84
/tier_data/warm_file_487.txt,30,2342.84,10442.84
/tier_data/warm_file_488.txt,27,1202.84,15242.84
/tier_data/warm_file_489.txt,29,242.84,8402.84
/tier_data/warm_file_490.txt,32,2762.84,5702.84
/tier_data/warm_file_491.txt,26,2222.84,16562.84
/tier_data/warm_file_492.txt,31,122.84,17882.84
/tier_data/warm_file_493.txt,33,602.84,15302.84
/tier_data/warm_file_494.txt,32,902.84,14762.84
/tier_data/warm_file_495.txt,28,542.84,8342.84
/tier_data/warm_file_496.txt,24,1682.84,4502.84
/tier_data/warm_file_497.txt,26,482.84,14882.84
/tier_data/warm_file_498.txt,33,182.84,13502.84
/tier_data/warm_file_499.txt,32,2522.84,17222.84
/tier_data/warm_file_500.txt,34,962.84,11642.84
/tier_data/warm_file_501.txt,29,1982.84,12422.84
/tier_data/warm_file_502.txt,23,2342.84,9662.84
/tier_data/warm_file_503.txt,35,2042.84,4082.84
/tier_data/warm_file_504.txt,20,782.84,14642.84
/tier_data/warm_file_505.txt,38,2462.84,11342.84
/tier_data/warm_file_506.txt,24,1622.84,13322.84
/tier_data/warm_file_507.txt,30,422.84,7742.84
/tier_data/warm_file_508.txt,19,1202.84,16142.84
/tier_data/warm_file_509.txt,36,2282.84,4562.84
/tier_data/warm_file_510.txt,29,422.84,8582.84
/tier_data/warm_file_511.txt,28,722.84,11222.84
/tier_data/warm_file_512.txt,31,1142.84,9242.84
/tier_data/warm_file_513.txt,32,1322.84,6662.84
/tier_data/warm_file_514.txt,20,362.84,9242.84
/tier_data/warm_file_515.txt,33,2822.84,17882.84
/tier_data/warm_file_516.txt,34,2342.84,12842.84
/tier_data/warm_file_517.txt,33,1382.84,8162.84
/tier_data/warm_file_518.txt,28,1202.84,16562.84
/tier_data/warm_file_519.txt,31,1622.84,4322.84
/tier_data/warm_file_520.txt,28,902.84,14702.84
/tier_data/warm_file_521.txt,33,1502.84,7562.84
/tier_data/warm_file_522.txt,21,2642.84,7502.84
/tier_data/warm_file_523.txt,27,1802.84,12482.84
/tier_data/warm_file_524.txt,20,1262.84,15242.84
/tier_data/warm_file_525.txt,40,1622.84,11102.84
/tier_data/warm_file_526.txt,32,1502.84,17642.84
/tier_data/warm_file_527.txt,19,2582.84,12362.84
/tier_data/warm_file_528.txt,25,1622.84,7742.84
/tier_data/warm_file_529.txt,21,2522.84,4022.84
/tier_data/warm_file_530.txt,23,1382.84,15482.84
/tier_data/warm_file_531.txt,36,422.84,16382.84
/tier_data/warm_file_532.txt,31,1862.84,5222.84
/tier_data/warm_file_533.txt,32,2342.84,14162.84
/tier_data/warm_file_534.txt,22,1142.84,15542.84
/tier_data/warm_file_535.txt,28,1142.84,6902.84
/tier_data/warm_file_536.txt,25,2822.84,16022.84
/tier_data/warm_file_537.txt,28,842.84,17582.84
/tier_data/warm_file_538.txt,25,2642.84,6962.84
/tier_data/warm_file_539.txt,28,782.84,9782.84
/tier_data/warm_file_540.txt,23,1082.84,12542.84
/tier_data/warm_file_541.txt,24,1562.84,9122.84
/tier_data/warm_file_542.txt,27,242.84,15902.84
/tier_data/warm_file_543.txt,25,2102.84,15062.84
/tier_data/warm_file_544.txt,31,482.84,9362.84
/tier_data/warm_file_545.txt,29,1682.84,5042.84
/tier_data/warm_file_546.txt,22,842.84,18002.84
/tier_data/warm_file_547.txt,29,1442.84,5342.84
/tier_data/warm_file_548.txt,31,2222.84,16742.84
/tier_data/warm_file_549.txt,17,1262.84,15722.84
/tier_data/warm_file_550.txt,30,2942.84,12602.84
/tier_data/warm_file_551.txt,26,2102.84,10382.84
/tier_data/warm_file_552.txt,18,1262.84,10922.84
/tier_data/warm_file_553.txt,21,902.84,11462.84
/tier_data/warm_file_554.txt,32,62.84,8162.84
/tier_data/warm_file_555.txt,26,962.84,7862.84
/tier_data/warm_file_556.txt,22,1802.84,12662.84
/tier_data/warm_file_557.txt,24,2882.84,10442.84
/tier_data/warm_file_558.txt,31,2342.84,11402.84
/tier_data/warm_file_559.txt,26,2702.84,16082.84
/tier_data/warm_file_560.txt,35,2222.84,11642.84
/tier_data/warm_file_561.txt,18,2942.84,9482.84
/tier_data/warm_file_562.txt,26,2762.84,6602.84
/tier_data/warm_file_563.txt,20,1802.84,7862.84
/tier_data/warm_file_564.txt,29,3002.84,14402.84
/tier_data/warm_file_565.txt,36,2042.84,10802.84
/tier_data/warm_file_566.txt,27,1862.84,4442.84
/tier_data/warm_file_567.txt,18,2522.84,8822.84
/tier_data/warm_file_568.txt,31,1202.84,12602.84
/tier_data/warm_file_569.txt,26,1922.84,16682.84
/tier_data/warm_file_570.txt,33,1082.84,13802.84
/tier_data/warm_file_571.txt,26,1742.84,12602.84
/tier_data/warm_file_572.txt,28,2042.84,7862.84
/tier_data/warm_file_573.txt,21,1502.84,7922.84
/tier_data/warm_file_574.txt,24,1682.84,10982.84
/tier_data/warm_file_575.txt,23,842.84,16502.84
/tier_data/warm_file_576.txt,27,1382.84,7982.84
/tier_data/warm_file_577.txt,28,302.84,8702.84
/tier_data/warm_file_578.txt,23,1442.84,7322.84
/tier_data/warm_file_579.txt,30,3002.84,5522.84
/tier_data/warm_file_580.txt,23,2282.84,18002.84
/tier_data/warm_file_581.txt,27,302.84,17282.84
/tier_data/warm_file_582.txt,24,2102.84,7382.84
/tier_data/warm_file_583.txt,12,1622.84,16562.84
/tier_data/warm_file_584.txt,33,1082.84,17342.84
/tier_data/warm_file_585.txt,29,2642.84,11042.84
/tier_data/warm_file_586.txt,26,722.84,8942.84
/tier_data/warm_file_587.txt,31,1262.84,4922.84
/tier_data/warm_file_588.txt,20,1562.84,6242.84
/tier_data/warm_file_589.txt,30,1622.84,9362.84
/tier_data/warm_file_590.txt,28,2102.84,5882.84
/tier_data/warm_file_591.txt,17,2222.84,13262.84
/tier_data/warm_file_592.txt,32,1742.84,16382.84
/tier_data/warm_file_593.txt,16,722.84,9602.84
/tier_data/warm_file_594.txt,19,2882.84,10742.84
/tier_data/warm_file_595.txt,32,2042.84,11942.84
/tier_data/warm_file_596.txt,25,2222.84,6722.84
/tier_data/warm_file_597.txt,22,2582.84,7082.84
/tier_data/warm_file_598.txt,28,2582.84,5222.84
/tier_data/warm_file_599.txt,32,1562.84,16262.84
/tier_data/warm_file_600.txt,31,1742.84,4442.84
/tier_data/temp_hdfs_staging,0,1219069.16,1219069.16
